Student_ID,Study_Hours_Per_Day,Class_Attendance_Percent,Exam_Frequency,Assignment_Load,Sleep_Hours_Per_Night,Physical_Exercise,Screen_Time_Hours_Per_Day,Social_Media_Hours_Per_Day,Family_Support,Peer_Pressure,Anxiety_Level,Stress_Score,Stress_Level
STU_0001,6.2,79.9,4,6,6.2,Yes,3.1,5.2,6,6,5,29.5,Low
STU_0002,6.5,87.5,7,4,6.1,Yes,6.3,3.6,6,2,4,33.1,Low
STU_0003,8.1,79.1,5,5,7.4,Yes,3.9,3.5,3,6,4,28.7,Low
STU_0004,5.4,64.4,2,2,5.5,No,6.4,5.1,6,5,6,37.0,Low
STU_0005,5.4,73.4,4,6,6.1,Yes,11.1,3.0,4,4,4,53.4,Moderate
STU_0006,10.2,72.2,3,3,4.1,Yes,6.3,4.2,4,6,6,57.9,Moderate
STU_0007,7.6,74.7,3,3,7.6,No,5.0,3.8,8,4,7,21.1,Low
STU_0008,5.4,90.0,9,4,6.4,No,8.5,5.2,6,2,7,66.9,Moderate
STU_0009,8.7,81.6,8,4,8.5,Yes,6.4,2.6,5,4,4,30.7,Low
STU_0010,7.3,100.0,3,5,7.9,No,9.8,2.1,4,7,4,46.6,Moderate
STU_0011,6.7,67.1,5,3,7.6,No,6.2,6.8,3,5,3,50.3,Moderate
STU_0012,7.8,86.8,4,4,6.4,Yes,6.3,3.0,3,5,4,44.8,Moderate
STU_0013,5.4,85.8,1,4,6.7,Yes,7.9,2.8,3,3,5,32.7,Low
STU_0014,8.1,74.6,4,5,6.9,Yes,6.8,7.2,5,4,5,49.4,Moderate
STU_0015,6.7,88.2,7,4,4.2,Yes,6.8,4.1,6,3,6,45.8,Moderate
STU_0016,7.1,66.0,1,7,7.2,No,7.2,2.9,6,7,3,34.6,Low
STU_0017,6.5,100.0,1,6,6.0,Yes,6.0,6.0,1,8,3,50.0,Moderate
STU_0018,8.3,84.7,6,7,6.9,Yes,5.8,6.6,3,5,9,74.2,High
STU_0019,3.8,75.4,5,6,8.1,Yes,5.7,3.8,4,2,4,32.6,Low
STU_0020,5.7,86.8,4,6,8.0,Yes,6.3,4.6,6,4,2,16.0,Low
STU_0021,4.4,89.7,1,4,7.0,No,9.4,1.9,7,4,6,29.6,Low
STU_0022,5.8,45.0,6,6,6.4,No,5.7,7.5,8,2,4,41.8,Low
STU_0023,7.9,65.8,1,1,6.3,Yes,6.0,3.1,8,5,4,10.0,Low
STU_0024,7.1,73.0,4,2,5.1,No,5.1,2.9,1,5,5,48.3,Moderate
STU_0025,5.2,86.5,8,5,5.7,Yes,5.0,2.2,4,5,5,56.1,Moderate
STU_0026,3.9,60.2,3,4,6.0,No,4.6,7.0,6,1,6,29.7,Low
STU_0027,6.5,87.6,5,1,4.9,No,7.8,6.7,3,8,4,61.5,Moderate
STU_0028,6.2,81.1,3,8,5.4,Yes,6.8,2.6,5,4,7,49.5,Moderate
STU_0029,7.1,100.0,3,5,6.7,No,4.8,4.3,7,8,1,12.2,Low
STU_0030,9.0,54.7,8,1,5.7,No,7.5,3.6,7,4,6,51.8,Moderate
STU_0031,6.3,71.7,3,4,5.1,No,8.0,3.8,5,7,4,49.3,Moderate
STU_0032,3.6,76.5,3,8,7.2,No,4.6,6.7,5,3,4,40.4,Low
STU_0033,5.3,87.8,6,6,8.2,Yes,5.0,2.8,4,4,5,35.5,Low
STU_0034,8.4,66.7,3,3,6.7,No,1.7,4.4,5,3,7,22.2,Low
STU_0035,5.4,74.0,6,2,6.0,No,4.9,5.0,5,1,5,34.1,Low
STU_0036,7.3,76.6,4,4,5.0,No,6.1,3.7,5,1,6,42.5,Moderate
STU_0037,8.5,100.0,4,5,6.4,Yes,10.3,4.6,2,7,4,74.1,High
STU_0038,5.3,67.5,2,1,6.3,Yes,9.0,2.2,3,5,5,43.2,Moderate
STU_0039,6.7,67.5,3,4,7.3,No,7.0,3.0,7,5,6,31.0,Low
STU_0040,3.9,93.3,5,3,6.0,No,2.2,5.5,2,3,7,37.3,Low
STU_0041,6.4,82.9,3,8,8.3,No,2.1,3.8,2,3,4,29.5,Low
STU_0042,8.4,92.7,5,4,5.2,No,5.1,4.0,5,4,3,34.3,Low
STU_0043,9.0,84.9,6,7,7.6,No,6.8,2.5,8,2,7,42.2,Moderate
STU_0044,5.3,84.1,5,1,5.0,No,4.1,1.5,3,2,6,30.3,Low
STU_0045,7.5,82.9,7,7,5.6,Yes,5.6,3.9,4,2,3,50.1,Moderate
STU_0046,8.7,87.6,4,7,6.6,Yes,8.2,3.4,5,4,4,40.2,Low
STU_0047,9.0,94.3,6,3,9.1,Yes,10.4,2.8,7,3,6,31.0,Low
STU_0048,9.4,84.5,4,8,5.9,Yes,5.6,2.2,4,1,4,41.7,Low
STU_0049,4.5,78.7,2,6,6.1,Yes,10.3,6.6,7,5,7,55.6,Moderate
STU_0050,5.4,100.0,5,6,7.2,Yes,3.9,6.6,5,3,9,47.1,Moderate
STU_0051,9.0,91.8,1,5,5.7,Yes,3.4,4.0,4,5,8,32.1,Low
STU_0052,8.7,67.4,5,2,7.4,No,5.7,2.6,5,6,5,35.0,Low
STU_0053,3.5,77.5,5,6,4.3,Yes,6.5,2.5,5,6,5,54.8,Moderate
STU_0054,7.6,96.8,5,4,9.9,Yes,5.8,3.0,7,3,7,12.9,Low
STU_0055,4.6,84.5,5,6,7.8,Yes,5.3,3.3,5,4,4,31.5,Low
STU_0056,8.4,69.3,9,8,7.9,Yes,6.6,2.7,3,4,1,54.2,Moderate
STU_0057,8.0,81.4,3,3,6.2,No,1.5,4.4,8,5,6,10.0,Low
STU_0058,6.6,66.7,5,5,7.3,Yes,5.5,2.1,3,1,5,29.6,Low
STU_0059,4.3,58.3,2,6,4.7,Yes,2.5,4.7,6,3,8,31.3,Low
STU_0060,5.9,95.0,7,4,3.5,Yes,5.3,3.8,7,5,4,40.6,Low
STU_0061,10.4,98.7,6,3,10.0,Yes,3.7,3.7,6,5,2,10.0,Low
STU_0062,3.2,88.6,7,3,5.3,No,5.1,5.0,3,1,3,43.7,Moderate
STU_0063,5.5,100.0,5,3,5.3,No,6.7,5.4,5,1,4,31.1,Low
STU_0064,4.6,75.4,5,3,8.1,Yes,6.3,2.7,1,3,2,30.9,Low
STU_0065,10.0,100.0,3,4,7.3,Yes,8.4,8.0,8,6,4,33.4,Low
STU_0066,8.8,62.9,5,3,6.3,Yes,7.8,3.7,3,4,7,57.3,Moderate
STU_0067,9.1,65.5,4,8,3.8,Yes,8.7,4.4,4,4,7,85.4,High
STU_0068,6.5,90.9,6,4,7.8,Yes,4.4,4.2,6,7,3,20.2,Low
STU_0069,6.6,78.5,4,2,6.9,Yes,4.3,5.7,1,4,5,32.5,Low
STU_0070,6.5,98.7,2,3,7.0,Yes,5.8,2.2,4,4,1,10.0,Low
STU_0071,5.0,97.7,2,2,7.9,No,2.9,2.8,8,5,1,10.0,Low
STU_0072,6.7,63.6,1,8,6.4,No,8.6,5.1,7,3,3,29.5,Low
STU_0073,9.6,88.1,4,7,7.4,Yes,8.2,4.1,4,8,7,66.1,Moderate
STU_0074,5.6,87.7,4,4,6.6,No,10.0,4.0,7,3,6,49.0,Moderate
STU_0075,5.1,95.2,3,3,6.4,No,10.3,2.4,7,5,7,35.8,Low
STU_0076,3.9,72.7,9,4,5.5,Yes,4.8,1.4,8,5,1,19.0,Low
STU_0077,5.8,100.0,3,4,5.2,Yes,4.0,3.4,2,6,2,30.0,Low
STU_0078,5.0,77.3,7,2,5.4,No,5.2,6.3,5,5,1,30.2,Low
STU_0079,2.6,76.9,5,4,7.1,Yes,4.1,3.8,3,8,8,60.7,Moderate
STU_0080,10.1,94.3,2,9,6.0,Yes,3.7,5.9,7,5,2,18.4,Low
STU_0081,5.4,68.0,7,1,7.1,No,7.2,5.3,3,6,4,59.5,Moderate
STU_0082,7.8,90.6,4,4,6.8,Yes,5.4,5.6,8,7,6,31.4,Low
STU_0083,5.1,64.6,6,4,6.4,No,5.0,5.3,6,1,7,45.4,Moderate
STU_0084,6.9,54.4,6,6,5.9,Yes,1.5,2.6,4,6,5,40.6,Low
STU_0085,7.6,71.2,3,3,6.2,Yes,5.9,3.8,6,4,4,19.5,Low
STU_0086,5.3,87.1,8,4,7.0,Yes,10.4,3.9,6,5,5,62.2,Moderate
STU_0087,6.3,79.7,8,5,6.5,No,8.1,6.3,6,1,4,46.5,Moderate
STU_0088,7.0,76.3,4,1,6.3,No,7.1,0.7,3,4,5,35.3,Low
STU_0089,4.7,83.6,4,3,6.8,No,5.8,3.3,5,4,7,35.1,Low
STU_0090,6.0,96.7,4,2,6.9,No,5.0,0.8,3,2,4,14.1,Low
STU_0091,5.3,84.6,3,7,5.9,No,6.7,3.0,3,7,8,78.5,High
STU_0092,7.9,86.5,5,5,4.0,Yes,3.9,2.7,5,5,3,34.4,Low
STU_0093,6.5,57.8,4,1,5.4,Yes,5.0,4.3,8,5,6,22.3,Low
STU_0094,5.1,83.2,2,6,4.0,Yes,7.4,1.8,5,4,8,51.5,Moderate
STU_0095,6.4,89.5,4,3,6.3,Yes,6.4,2.3,4,6,7,49.4,Moderate
STU_0096,7.1,84.7,7,4,7.5,Yes,6.7,1.8,6,5,6,43.8,Moderate
STU_0097,5.8,73.5,3,3,5.4,Yes,6.8,5.1,6,4,8,38.8,Low
STU_0098,6.7,93.5,5,5,6.3,No,6.5,4.6,5,6,8,62.3,Moderate
STU_0099,7.3,92.5,4,3,7.6,No,2.9,4.1,5,9,5,29.1,Low
STU_0100,4.7,65.1,3,4,6.7,No,4.5,6.4,2,2,5,40.2,Low
STU_0101,7.3,74.6,2,4,5.5,No,7.3,3.3,6,4,5,26.9,Low
STU_0102,6.3,70.7,7,7,4.2,No,7.0,4.6,2,2,4,74.1,High
STU_0103,6.8,68.1,5,2,3.6,Yes,7.7,2.3,3,6,3,51.3,Moderate
STU_0104,7.1,72.5,5,5,6.8,Yes,5.3,5.4,9,6,8,42.1,Moderate
STU_0105,8.0,68.9,2,5,4.2,Yes,5.0,1.0,6,3,3,12.8,Low
STU_0106,6.7,87.2,5,6,5.7,Yes,4.9,3.8,5,7,2,35.4,Low
STU_0107,7.4,91.7,4,7,5.5,Yes,8.6,3.4,4,7,6,67.3,Moderate
STU_0108,9.3,67.5,1,6,5.6,Yes,7.4,5.0,8,4,3,23.8,Low
STU_0109,7.9,78.1,2,7,7.1,Yes,3.3,3.6,2,2,4,22.1,Low
STU_0110,7.3,77.1,5,6,9.5,Yes,6.4,4.7,8,6,7,38.6,Low
STU_0111,8.4,60.6,6,5,6.5,No,5.1,5.4,8,5,1,24.7,Low
STU_0112,8.2,66.7,6,5,7.8,No,6.2,2.1,3,4,6,50.5,Moderate
STU_0113,7.4,72.1,9,3,5.4,No,6.6,0.5,4,6,1,46.9,Moderate
STU_0114,7.5,66.6,1,4,6.2,Yes,7.2,2.7,5,3,6,28.5,Low
STU_0115,2.5,93.1,5,7,6.2,No,6.6,2.6,5,6,5,61.6,Moderate
STU_0116,7.2,91.2,2,5,5.7,No,7.8,1.6,7,7,5,36.2,Low
STU_0117,7.7,86.4,6,3,6.2,No,3.7,3.5,7,6,5,27.6,Low
STU_0118,4.6,100.0,7,5,6.3,Yes,6.3,4.7,3,6,5,62.7,Moderate
STU_0119,6.1,77.6,5,5,4.9,Yes,5.8,2.3,4,2,5,43.8,Moderate
STU_0120,6.3,100.0,5,3,8.1,Yes,6.7,1.2,5,5,1,10.0,Low
STU_0121,7.9,100.0,1,6,4.8,No,3.4,4.1,3,4,5,33.8,Low
STU_0122,7.0,95.2,4,7,6.3,No,6.2,2.8,3,7,6,60.2,Moderate
STU_0123,7.7,90.1,7,3,7.4,Yes,4.9,1.9,5,7,4,31.0,Low
STU_0124,3.7,96.3,6,6,4.9,No,8.9,4.9,4,7,2,68.6,High
STU_0125,6.2,84.8,6,4,7.4,Yes,6.2,4.4,5,3,3,28.6,Low
STU_0126,3.9,88.4,4,2,5.0,No,9.5,4.9,4,6,2,45.6,Moderate
STU_0127,4.6,55.6,2,7,5.0,No,5.0,3.1,4,7,7,58.1,Moderate
STU_0128,6.5,73.3,4,5,7.8,Yes,5.2,7.3,4,5,6,41.8,Low
STU_0129,8.1,74.3,7,7,7.0,No,4.7,5.6,6,8,2,44.4,Moderate
STU_0130,2.5,68.2,2,4,6.4,No,8.6,6.0,8,5,2,29.2,Low
STU_0131,4.2,76.7,6,6,8.5,Yes,6.2,4.2,1,9,7,73.4,High
STU_0132,5.0,77.3,3,8,4.8,Yes,8.5,7.6,1,6,6,90.7,High
STU_0133,7.1,87.9,3,8,4.6,Yes,10.3,4.5,4,3,3,62.4,Moderate
STU_0134,7.6,68.1,4,7,9.1,No,4.4,1.7,2,2,1,17.5,Low
STU_0135,7.0,82.6,3,3,5.1,No,3.3,2.6,3,3,4,27.0,Low
STU_0136,5.9,88.1,2,5,6.9,No,4.0,4.5,6,7,3,22.7,Low
STU_0137,6.1,58.3,6,5,5.3,No,8.2,2.6,5,5,6,66.8,Moderate
STU_0138,8.2,75.2,3,6,5.8,No,4.6,3.2,5,2,2,19.0,Low
STU_0139,6.4,84.4,7,4,7.3,No,5.9,5.6,6,7,3,36.7,Low
STU_0140,6.9,89.3,3,7,5.0,Yes,4.8,5.0,4,4,4,39.0,Low
STU_0141,3.4,81.5,3,9,6.1,Yes,5.2,1.6,7,2,9,42.0,Moderate
STU_0142,5.3,67.9,4,6,6.6,No,3.9,4.1,3,3,3,38.5,Low
STU_0143,9.4,100.0,4,3,5.1,Yes,9.6,3.5,3,5,3,43.5,Moderate
STU_0144,2.0,63.5,3,5,4.4,No,1.5,4.5,6,1,2,10.0,Low
STU_0145,5.5,78.3,3,3,6.8,Yes,5.2,7.6,6,5,5,25.4,Low
STU_0146,7.5,77.5,3,6,3.5,Yes,6.1,3.2,6,6,3,42.4,Moderate
STU_0147,5.0,80.3,7,9,5.7,Yes,7.8,3.4,2,4,2,69.5,High
STU_0148,7.8,74.0,4,7,6.2,No,7.1,6.2,4,6,8,75.1,High
STU_0149,6.4,88.1,4,3,8.8,Yes,5.7,4.2,3,4,8,37.0,Low
STU_0150,8.1,81.4,7,6,7.9,Yes,5.8,3.0,3,3,5,52.7,Moderate
STU_0151,4.0,78.7,6,6,6.3,Yes,5.3,5.8,5,6,4,54.1,Moderate
STU_0152,5.0,74.1,5,7,6.1,Yes,7.0,3.4,3,3,4,44.9,Moderate
STU_0153,7.5,78.1,5,4,10.0,No,2.7,0.5,5,9,4,15.4,Low
STU_0154,6.3,76.8,4,7,6.3,Yes,3.8,3.3,9,3,3,10.0,Low
STU_0155,7.3,86.6,3,5,7.2,Yes,9.4,1.3,4,6,8,63.8,Moderate
STU_0156,4.5,76.9,4,4,5.7,No,5.5,4.9,5,6,5,35.6,Low
STU_0157,5.6,100.0,7,5,6.2,No,5.5,3.2,7,1,5,29.6,Low
STU_0158,5.0,100.0,7,4,8.1,No,7.0,4.5,5,2,3,33.7,Low
STU_0159,4.3,84.7,4,4,6.4,Yes,9.7,5.3,6,4,4,40.8,Low
STU_0160,6.2,68.4,4,4,6.1,No,5.2,3.7,6,7,7,49.0,Moderate
STU_0161,7.2,69.7,2,5,7.8,Yes,7.0,3.5,3,6,2,28.5,Low
STU_0162,6.2,79.6,5,9,6.3,No,6.7,3.6,2,6,5,66.6,Moderate
STU_0163,5.4,72.1,6,5,8.3,No,2.9,2.8,2,2,4,29.4,Low
STU_0164,7.4,67.7,4,5,5.5,No,7.9,4.0,4,2,1,36.0,Low
STU_0165,6.5,93.1,4,9,6.3,Yes,5.2,1.4,7,5,4,29.7,Low
STU_0166,7.3,97.8,5,5,6.0,Yes,4.9,4.5,6,8,7,48.7,Moderate
STU_0167,5.7,100.0,4,3,4.8,No,4.4,3.5,6,4,4,20.8,Low
STU_0168,7.1,100.0,3,7,5.4,No,1.5,3.9,8,3,5,10.0,Low
STU_0169,5.6,85.4,2,7,3.9,No,6.9,3.0,2,7,3,65.4,Moderate
STU_0170,6.0,88.0,6,6,8.2,Yes,6.7,3.2,5,3,4,39.1,Low
STU_0171,3.6,67.3,6,8,6.1,Yes,3.5,4.8,4,5,5,61.1,Moderate
STU_0172,4.7,100.0,9,4,6.5,Yes,7.5,7.2,2,3,3,64.1,Moderate
STU_0173,5.6,89.2,2,5,9.4,Yes,9.6,5.7,1,3,6,51.0,Moderate
STU_0174,6.0,87.7,6,7,5.7,No,7.3,5.0,2,7,2,69.5,High
STU_0175,5.9,73.5,7,1,5.4,No,4.3,4.1,4,4,2,31.8,Low
STU_0176,5.4,79.4,4,9,6.9,Yes,4.4,1.4,2,7,5,60.1,Moderate
STU_0177,8.6,82.8,3,7,5.5,Yes,3.7,3.6,5,4,5,28.6,Low
STU_0178,6.2,84.2,4,6,4.6,Yes,7.0,3.4,6,5,6,54.3,Moderate
STU_0179,7.1,73.3,3,6,5.0,Yes,7.7,4.2,8,6,2,33.1,Low
STU_0180,4.1,91.8,6,4,6.3,No,7.4,5.5,2,6,1,49.4,Moderate
STU_0181,8.3,90.3,6,5,8.2,Yes,3.0,4.4,5,8,3,23.1,Low
STU_0182,6.3,91.4,4,8,6.0,Yes,5.7,2.2,6,5,5,45.6,Moderate
STU_0183,3.6,98.4,3,8,8.9,Yes,11.0,0.5,5,7,5,53.4,Moderate
STU_0184,5.1,85.6,1,2,7.8,No,5.2,8.8,3,5,7,36.9,Low
STU_0185,5.4,66.1,7,6,7.0,No,3.0,5.2,8,2,2,14.4,Low
STU_0186,7.3,92.3,5,4,7.2,No,7.1,5.4,3,4,7,60.0,Moderate
STU_0187,8.5,90.9,4,7,6.1,No,8.2,6.6,2,7,4,76.9,High
STU_0188,8.0,88.5,6,4,6.4,No,4.1,4.7,6,5,5,39.4,Low
STU_0189,5.5,77.6,6,6,7.5,Yes,5.6,4.3,3,3,8,65.5,Moderate
STU_0190,2.7,88.9,6,6,6.1,No,11.6,2.9,4,7,2,71.0,High
STU_0191,6.6,93.6,5,3,7.7,Yes,8.0,1.5,4,1,3,14.5,Low
STU_0192,7.2,72.8,5,4,4.1,Yes,4.1,4.8,4,3,3,28.4,Low
STU_0193,6.7,77.4,7,5,5.1,Yes,7.7,3.1,3,5,3,63.0,Moderate
STU_0194,5.1,78.7,4,5,4.5,No,5.8,3.4,8,4,2,24.8,Low
STU_0195,8.4,79.3,6,5,4.8,Yes,6.0,2.3,4,2,7,50.1,Moderate
STU_0196,5.4,80.5,5,7,7.2,Yes,9.9,6.3,6,6,3,56.5,Moderate
STU_0197,4.5,83.5,2,6,5.9,Yes,7.8,6.1,8,3,2,23.5,Low
STU_0198,10.9,82.3,6,6,7.8,Yes,6.4,5.4,6,7,4,43.9,Moderate
STU_0199,5.6,76.8,3,4,6.2,Yes,4.8,4.0,4,8,7,47.6,Moderate
STU_0200,8.0,73.0,5,7,5.2,Yes,3.8,2.5,3,4,6,47.6,Moderate
STU_0201,7.6,64.7,4,8,7.0,No,6.8,3.5,6,4,2,35.0,Low
STU_0202,7.0,76.3,5,3,4.9,Yes,8.9,3.8,4,5,4,56.8,Moderate
STU_0203,8.1,85.7,6,5,7.7,Yes,1.5,1.4,5,1,7,13.9,Low
STU_0204,6.6,100.0,5,5,7.4,Yes,7.3,5.3,5,1,4,29.6,Low
STU_0205,8.8,95.6,5,3,6.6,Yes,5.7,0.5,3,8,7,47.6,Moderate
STU_0206,5.0,95.1,4,3,8.3,No,9.8,3.7,5,8,3,39.6,Low
STU_0207,5.9,65.5,5,6,6.6,No,7.6,3.0,6,3,4,42.5,Moderate
STU_0208,5.1,79.4,8,8,6.2,No,9.8,3.1,9,1,5,55.0,Moderate
STU_0209,7.4,75.2,4,1,6.5,Yes,3.1,2.7,4,3,6,10.2,Low
STU_0210,3.7,94.0,6,4,9.4,No,8.0,3.4,8,5,4,19.0,Low
STU_0211,3.9,86.6,4,6,5.5,No,5.9,4.1,7,5,3,27.8,Low
STU_0212,5.4,71.0,5,5,6.0,No,6.7,2.1,8,7,5,40.7,Low
STU_0213,7.7,79.9,4,4,6.0,Yes,5.2,3.4,8,4,7,27.3,Low
STU_0214,5.9,73.9,6,5,5.5,Yes,6.2,3.7,4,5,5,59.0,Moderate
STU_0215,9.3,83.1,7,1,5.8,No,6.7,1.9,7,6,6,40.7,Low
STU_0216,5.8,84.9,1,9,9.4,No,5.9,3.8,4,3,4,23.6,Low
STU_0217,7.6,92.1,3,1,6.9,Yes,6.7,2.5,4,6,4,22.7,Low
STU_0218,7.6,95.2,6,3,5.4,Yes,4.7,0.9,4,3,2,16.4,Low
STU_0219,6.5,72.0,9,6,7.9,No,5.5,1.7,5,1,4,48.4,Moderate
STU_0220,6.2,98.1,7,3,5.9,Yes,6.6,0.5,5,4,6,40.6,Low
STU_0221,7.1,83.0,5,3,5.3,No,4.4,3.6,4,2,4,28.9,Low
STU_0222,8.0,73.9,4,6,4.9,No,3.6,1.5,5,4,4,26.1,Low
STU_0223,6.9,78.6,6,6,4.7,No,7.0,3.7,2,7,7,87.0,High
STU_0224,5.5,96.0,4,6,4.4,No,8.8,5.8,5,9,5,73.7,High
STU_0225,7.0,73.0,7,6,5.9,Yes,5.8,2.6,7,3,4,34.8,Low
STU_0226,7.3,64.8,3,5,7.9,No,7.2,2.9,3,5,7,62.0,Moderate
STU_0227,7.9,70.1,7,3,5.4,No,7.1,3.6,3,6,6,62.7,Moderate
STU_0228,6.5,91.3,8,9,6.0,No,4.5,4.1,6,3,4,50.5,Moderate
STU_0229,7.2,96.7,4,8,4.7,Yes,6.8,3.9,4,7,3,55.2,Moderate
STU_0230,6.7,74.6,5,3,8.4,Yes,6.3,3.8,3,1,5,27.6,Low
STU_0231,5.2,80.4,4,5,8.4,No,6.1,6.8,3,1,4,29.8,Low
STU_0232,10.0,86.6,5,7,8.2,No,4.2,3.1,6,4,5,32.7,Low
STU_0233,7.4,64.3,4,3,6.3,No,7.0,4.2,2,5,6,56.4,Moderate
STU_0234,6.9,51.8,3,5,7.5,No,7.1,4.4,4,1,5,39.2,Low
STU_0235,7.3,72.8,6,6,5.4,Yes,8.2,3.5,9,6,5,41.7,Low
STU_0236,7.4,82.0,7,5,5.7,No,9.1,0.5,8,7,3,49.9,Moderate
STU_0237,5.0,69.5,4,9,6.9,Yes,6.3,3.0,5,8,3,48.4,Moderate
STU_0238,7.0,74.9,5,2,5.3,No,9.3,4.2,6,6,5,56.3,Moderate
STU_0239,6.9,79.9,3,4,6.0,Yes,8.3,5.0,6,5,6,47.6,Moderate
STU_0240,5.0,67.3,2,7,3.5,Yes,4.5,5.4,1,5,3,54.6,Moderate
STU_0241,7.2,91.5,5,9,6.5,Yes,5.5,1.1,4,9,5,62.2,Moderate
STU_0242,8.0,79.7,8,6,6.2,Yes,7.0,6.8,6,3,7,59.2,Moderate
STU_0243,7.6,96.4,6,2,6.7,Yes,5.9,5.7,4,3,4,37.7,Low
STU_0244,6.2,71.7,5,4,6.4,No,6.7,5.7,9,5,5,35.7,Low
STU_0245,5.7,55.7,5,4,8.1,Yes,6.6,4.3,1,8,1,40.3,Low
STU_0246,9.6,77.6,5,5,7.1,No,9.7,2.9,8,4,7,59.3,Moderate
STU_0247,5.1,56.1,5,4,5.7,No,5.5,3.5,4,4,1,35.4,Low
STU_0248,5.9,100.0,4,8,6.8,Yes,7.7,3.6,1,3,7,74.3,High
STU_0249,6.9,100.0,7,9,8.1,Yes,7.9,5.1,4,4,6,70.8,High
STU_0250,7.1,82.5,5,3,7.8,Yes,8.0,2.6,3,6,7,56.6,Moderate
STU_0251,8.2,68.9,4,4,8.6,No,8.0,2.2,9,6,5,20.2,Low
STU_0252,8.6,57.5,3,7,7.4,Yes,5.7,3.8,6,4,6,35.7,Low
STU_0253,7.5,86.8,6,8,6.0,No,2.9,3.6,6,7,5,47.4,Moderate
STU_0254,5.6,73.9,6,4,8.2,Yes,6.3,4.1,6,6,8,51.4,Moderate
STU_0255,5.9,93.3,2,5,7.8,No,7.6,5.0,4,3,5,34.5,Low
STU_0256,6.8,81.5,5,5,4.5,No,4.7,5.5,8,4,1,17.4,Low
STU_0257,7.3,70.6,1,4,3.7,Yes,6.9,6.8,7,4,2,27.2,Low
STU_0258,4.6,74.7,2,7,7.9,No,11.8,3.4,5,4,1,47.5,Moderate
STU_0259,1.0,98.3,2,2,6.3,Yes,10.8,5.2,6,3,6,36.5,Low
STU_0260,8.5,96.8,2,3,5.3,No,5.2,4.3,2,3,9,48.9,Moderate
STU_0261,5.7,79.9,4,7,5.7,No,8.0,1.6,5,6,5,60.9,Moderate
STU_0262,8.4,80.8,4,6,5.7,No,6.1,0.5,5,4,5,37.6,Low
STU_0263,6.1,95.7,4,4,6.9,Yes,5.4,1.0,6,4,7,23.3,Low
STU_0264,5.6,87.4,8,5,4.2,Yes,7.3,2.1,6,6,4,55.1,Moderate
STU_0265,8.7,62.2,6,5,7.6,No,2.7,0.5,6,4,3,15.5,Low
STU_0266,4.6,77.9,4,7,6.6,Yes,8.1,6.7,3,4,7,78.3,High
STU_0267,6.5,63.7,4,7,7.3,Yes,8.5,5.2,3,4,3,53.9,Moderate
STU_0268,6.7,85.9,1,9,6.6,Yes,6.0,3.7,5,8,3,45.6,Moderate
STU_0269,5.3,72.2,3,6,6.4,Yes,8.6,4.5,3,6,6,61.8,Moderate
STU_0270,3.5,69.8,7,4,5.7,No,12.0,5.7,2,1,4,87.4,High
STU_0271,7.7,75.7,7,8,8.3,Yes,4.0,1.9,3,3,2,25.0,Low
STU_0272,1.3,81.3,7,5,6.6,Yes,5.0,3.3,5,3,1,20.7,Low
STU_0273,8.7,72.1,1,5,7.8,No,2.6,4.5,6,4,8,20.9,Low
STU_0274,5.4,77.4,3,7,7.0,Yes,4.9,6.4,4,6,4,48.0,Moderate
STU_0275,3.0,86.4,1,3,8.9,Yes,8.1,4.9,4,4,5,24.9,Low
STU_0276,5.7,85.8,6,1,5.2,Yes,4.9,6.1,5,2,4,22.9,Low
STU_0277,6.4,81.1,4,8,7.5,Yes,9.3,3.9,4,2,3,39.5,Low
STU_0278,9.2,79.5,5,6,7.6,No,4.5,6.5,6,7,4,37.8,Low
STU_0279,5.9,71.7,6,6,5.7,Yes,5.5,3.4,7,4,2,22.8,Low
STU_0280,9.7,93.0,4,7,5.7,No,10.7,2.7,4,5,5,69.4,High
STU_0281,6.3,66.1,5,7,6.2,Yes,5.7,3.7,7,9,7,55.1,Moderate
STU_0282,4.3,100.0,5,3,7.0,Yes,5.0,3.9,4,2,4,24.2,Low
STU_0283,5.8,73.9,4,4,6.7,Yes,5.3,4.4,6,6,6,35.6,Low
STU_0284,7.8,74.0,4,5,5.4,No,4.8,3.8,7,4,8,43.5,Moderate
STU_0285,9.3,69.4,4,4,7.7,Yes,7.5,4.8,6,5,9,50.5,Moderate
STU_0286,8.4,88.0,5,7,6.7,Yes,4.9,6.2,8,6,8,49.1,Moderate
STU_0287,5.9,75.7,3,7,4.5,No,3.2,4.2,4,1,8,48.6,Moderate
STU_0288,8.3,94.7,2,3,4.5,No,6.0,3.3,6,4,2,16.8,Low
STU_0289,7.4,64.9,5,7,6.2,Yes,6.6,6.1,1,8,8,95.2,High
STU_0290,7.7,91.0,5,4,8.3,Yes,6.5,1.7,1,2,4,31.0,Low
STU_0291,3.7,79.3,7,7,6.4,Yes,8.1,1.5,8,1,3,35.2,Low
STU_0292,7.4,94.9,8,7,4.3,No,4.6,3.9,6,4,5,61.1,Moderate
STU_0293,5.4,87.0,1,6,4.0,No,7.5,5.2,7,4,4,33.3,Low
STU_0294,7.7,87.2,5,3,5.3,No,4.8,3.7,3,1,4,33.4,Low
STU_0295,6.8,95.0,2,4,4.5,Yes,6.7,5.8,7,5,6,39.0,Low
STU_0296,2.4,78.2,7,5,6.0,No,8.3,5.8,5,4,4,60.2,Moderate
STU_0297,8.1,76.9,1,6,6.3,No,5.2,6.5,3,2,3,26.1,Low
STU_0298,7.3,88.2,4,3,6.4,No,9.9,2.6,3,5,6,60.2,Moderate
STU_0299,3.9,72.8,6,6,4.2,Yes,3.6,0.5,9,7,3,19.7,Low
STU_0300,11.1,95.0,4,6,7.4,Yes,6.2,2.5,4,1,4,17.1,Low
STU_0301,5.7,76.1,3,4,5.3,Yes,8.8,1.4,1,1,5,50.0,Moderate
STU_0302,7.3,73.8,6,2,5.6,No,6.1,0.7,4,8,6,49.2,Moderate
STU_0303,7.5,83.1,4,4,6.4,No,5.0,3.8,9,4,3,10.0,Low
STU_0304,6.0,84.2,4,7,4.8,Yes,6.1,1.7,5,8,5,49.9,Moderate
STU_0305,4.4,58.4,1,8,7.5,Yes,5.9,5.0,5,2,2,23.9,Low
STU_0306,4.0,97.9,3,3,4.7,Yes,3.3,2.1,7,4,6,15.4,Low
STU_0307,6.9,88.8,3,5,4.9,No,7.4,2.7,4,3,7,55.7,Moderate
STU_0308,7.4,80.3,5,8,5.7,Yes,3.5,3.9,3,7,4,54.0,Moderate
STU_0309,6.8,86.1,2,5,5.8,No,6.0,4.1,7,4,6,30.9,Low
STU_0310,4.3,100.0,4,5,6.4,Yes,1.9,5.0,3,3,8,34.3,Low
STU_0311,4.8,100.0,6,4,5.4,Yes,5.8,4.5,3,5,3,50.1,Moderate
STU_0312,7.5,87.1,7,6,6.1,Yes,6.0,3.8,8,6,5,34.6,Low
STU_0313,5.8,84.6,1,4,8.6,Yes,5.7,6.3,4,6,7,32.4,Low
STU_0314,7.2,100.0,6,3,5.8,No,6.1,5.4,4,3,8,57.7,Moderate
STU_0315,4.0,78.3,2,3,4.7,No,4.5,4.5,5,5,3,27.4,Low
STU_0316,8.1,70.9,5,4,5.2,Yes,7.6,5.0,6,2,6,45.6,Moderate
STU_0317,4.7,58.1,5,2,4.2,Yes,9.9,3.0,5,7,5,54.1,Moderate
STU_0318,5.5,75.3,8,7,5.7,No,4.7,2.3,6,6,5,54.0,Moderate
STU_0319,7.8,100.0,7,2,10.0,Yes,3.4,2.5,4,5,5,13.1,Low
STU_0320,4.4,78.9,5,4,5.9,Yes,7.7,3.0,2,5,4,58.5,Moderate
STU_0321,4.9,77.4,4,7,7.4,No,6.2,3.7,3,5,4,49.7,Moderate
STU_0322,2.8,71.0,5,4,7.9,No,3.0,1.9,6,4,3,10.0,Low
STU_0323,7.0,78.9,5,5,6.1,Yes,6.2,2.0,6,7,3,20.2,Low
STU_0324,4.7,61.6,5,4,7.1,Yes,6.0,2.5,3,5,3,38.8,Low
STU_0325,4.7,62.1,5,2,7.2,No,8.4,5.5,9,2,1,10.0,Low
STU_0326,4.4,76.7,6,4,6.4,No,7.6,4.1,7,3,3,34.1,Low
STU_0327,11.3,91.7,3,8,4.0,Yes,5.7,3.6,7,6,7,47.9,Moderate
STU_0328,8.5,89.4,2,2,8.4,Yes,3.7,6.4,3,5,3,10.0,Low
STU_0329,7.2,87.5,7,6,6.6,No,7.5,3.6,4,5,8,75.5,High
STU_0330,4.5,73.8,5,7,8.5,No,8.8,4.4,6,7,7,67.9,Moderate
STU_0331,7.8,85.2,7,9,5.0,No,4.6,3.4,2,4,6,67.0,Moderate
STU_0332,8.3,86.9,4,6,4.9,Yes,6.8,2.9,4,3,4,39.7,Low
STU_0333,4.2,86.6,5,7,7.1,Yes,7.1,2.1,5,5,5,41.1,Low
STU_0334,6.9,100.0,5,4,6.4,Yes,8.2,5.4,7,1,5,25.3,Low
STU_0335,4.8,80.4,7,6,6.7,Yes,9.9,2.2,7,4,1,37.0,Low
STU_0336,5.7,91.1,6,5,9.0,No,7.7,2.7,6,7,5,39.4,Low
STU_0337,6.7,83.0,3,2,5.9,No,8.0,3.1,4,6,3,34.2,Low
STU_0338,7.6,73.5,1,2,7.6,Yes,4.4,5.3,5,6,3,10.0,Low
STU_0339,6.2,58.5,3,2,4.5,No,7.3,4.2,7,3,7,39.2,Low
STU_0340,3.8,98.5,9,6,6.4,No,8.2,3.0,6,5,5,64.5,Moderate
STU_0341,2.6,100.0,3,3,6.0,Yes,3.4,4.8,2,3,5,21.7,Low
STU_0342,3.8,81.3,5,3,5.5,No,6.5,4.2,5,5,8,67.3,Moderate
STU_0343,6.8,71.0,2,7,4.3,No,5.8,4.9,6,7,1,30.9,Low
STU_0344,10.3,79.3,7,7,9.2,Yes,6.1,5.4,6,5,3,44.2,Moderate
STU_0345,8.0,53.6,7,2,4.6,Yes,4.7,1.3,4,5,1,23.6,Low
STU_0346,7.0,79.6,4,6,6.7,Yes,9.4,3.7,5,6,7,63.2,Moderate
STU_0347,9.9,83.4,5,6,5.3,No,2.7,5.5,4,2,8,50.2,Moderate
STU_0348,10.8,71.3,1,4,6.4,Yes,7.2,3.0,5,6,4,25.9,Low
STU_0349,9.7,98.8,3,2,4.7,Yes,3.9,5.6,6,3,3,13.5,Low
STU_0350,6.1,91.5,3,9,6.1,No,6.7,5.9,8,6,2,36.3,Low
STU_0351,4.7,81.8,4,4,8.4,Yes,5.7,3.7,5,5,7,31.6,Low
STU_0352,8.7,81.1,7,5,7.9,Yes,4.6,5.2,6,8,2,34.9,Low
STU_0353,6.3,89.4,6,7,6.5,No,7.2,4.0,7,4,5,51.0,Moderate
STU_0354,6.2,84.6,3,1,6.4,Yes,2.9,3.5,5,3,2,10.0,Low
STU_0355,4.3,93.0,8,6,4.6,No,6.6,3.0,7,1,3,40.2,Low
STU_0356,6.9,99.5,7,6,6.2,Yes,5.4,3.0,5,3,4,33.5,Low
STU_0357,6.2,56.9,3,6,5.9,No,5.3,4.3,3,3,3,41.9,Low
STU_0358,5.9,86.5,6,4,7.4,No,5.2,2.8,1,6,3,50.6,Moderate
STU_0359,8.3,79.3,5,5,6.1,Yes,3.1,3.6,4,5,6,44.8,Moderate
STU_0360,7.9,79.4,4,2,7.7,No,6.1,4.7,3,1,4,28.1,Low
STU_0361,6.0,98.5,7,8,8.3,Yes,6.8,3.0,7,7,4,42.0,Moderate
STU_0362,8.4,100.0,4,6,8.0,Yes,4.4,2.2,2,4,4,31.8,Low
STU_0363,3.3,76.7,3,6,6.3,No,8.0,5.0,1,3,7,81.4,High
STU_0364,6.7,94.9,4,7,6.5,No,6.2,4.0,4,6,3,44.4,Moderate
STU_0365,8.0,98.8,3,6,6.3,No,8.4,4.1,1,6,2,55.6,Moderate
STU_0366,9.4,86.5,3,6,5.7,No,4.3,2.1,5,7,5,38.5,Low
STU_0367,8.6,86.6,5,6,6.2,Yes,9.5,3.9,6,3,5,48.3,Moderate
STU_0368,9.5,95.4,4,5,5.3,Yes,6.9,3.6,5,4,3,33.2,Low
STU_0369,8.3,63.4,5,4,6.5,Yes,4.6,1.3,6,7,5,30.8,Low
STU_0370,4.3,95.5,4,4,5.4,No,5.8,3.5,7,4,5,33.7,Low
STU_0371,7.7,100.0,5,4,7.8,No,8.1,4.4,6,7,7,53.9,Moderate
STU_0372,6.5,84.8,2,3,5.7,No,6.7,4.4,2,1,8,50.2,Moderate
STU_0373,8.9,88.3,3,2,7.1,Yes,7.3,4.4,2,5,3,33.8,Low
STU_0374,9.1,77.9,5,7,5.5,No,5.3,6.2,5,6,3,56.1,Moderate
STU_0375,6.0,100.0,7,4,7.1,No,6.7,3.7,7,7,5,41.5,Low
STU_0376,7.3,100.0,5,5,5.5,Yes,4.8,2.1,3,6,2,32.0,Low
STU_0377,5.3,75.1,4,4,5.9,Yes,6.1,6.0,8,5,7,41.0,Low
STU_0378,7.9,91.1,2,2,6.1,No,4.3,5.4,9,6,5,10.7,Low
STU_0379,7.1,78.9,5,4,3.5,No,4.4,2.1,7,5,3,28.6,Low
STU_0380,6.7,72.4,9,6,6.3,Yes,4.9,3.6,4,4,4,51.5,Moderate
STU_0381,6.5,69.6,7,7,5.5,Yes,8.0,4.5,4,5,7,80.3,High
STU_0382,7.4,95.0,4,4,7.3,Yes,5.3,5.2,5,2,4,13.5,Low
STU_0383,5.3,78.8,5,1,6.3,No,11.6,1.7,7,7,4,34.6,Low
STU_0384,5.9,78.8,6,6,8.9,No,7.6,1.6,5,7,1,32.2,Low
STU_0385,6.8,84.7,4,6,5.2,No,8.3,4.1,4,1,7,62.2,Moderate
STU_0386,3.6,84.0,3,6,4.6,Yes,8.6,2.6,4,8,4,58.3,Moderate
STU_0387,9.4,89.1,2,8,4.1,Yes,8.3,4.1,8,4,5,43.7,Moderate
STU_0388,4.8,80.8,5,4,6.2,Yes,6.3,4.3,5,3,2,26.1,Low
STU_0389,5.2,81.7,4,7,6.8,Yes,6.8,5.3,6,7,6,53.2,Moderate
STU_0390,5.6,92.2,6,2,6.5,No,3.6,2.1,5,5,5,21.4,Low
STU_0391,7.2,79.6,4,3,5.7,Yes,7.7,5.1,5,7,4,47.7,Moderate
STU_0392,6.4,84.2,5,6,5.6,No,6.4,0.7,6,5,9,56.8,Moderate
STU_0393,8.8,65.7,8,5,7.5,No,7.7,4.3,7,5,7,62.2,Moderate
STU_0394,8.6,81.2,3,5,6.2,Yes,5.9,3.4,6,6,5,27.2,Low
STU_0395,9.0,87.7,6,5,6.1,Yes,10.3,4.0,5,6,3,57.8,Moderate
STU_0396,8.2,87.4,4,3,8.8,Yes,7.2,5.5,1,6,6,52.8,Moderate
STU_0397,4.9,80.0,4,6,5.7,Yes,7.8,4.2,9,1,5,21.6,Low
STU_0398,3.9,99.0,2,8,6.7,No,8.8,6.6,5,4,1,45.7,Moderate
STU_0399,4.6,71.1,5,6,8.4,Yes,10.8,2.8,7,5,6,46.8,Moderate
STU_0400,5.7,88.7,3,4,4.9,No,11.9,3.7,8,8,6,61.2,Moderate
STU_0401,2.4,71.7,6,6,7.9,Yes,3.9,5.0,4,3,6,47.8,Moderate
STU_0402,5.0,90.8,4,5,5.8,No,6.4,1.6,5,7,5,47.6,Moderate
STU_0403,5.8,71.5,4,3,4.6,Yes,6.2,1.6,8,3,5,19.7,Low
STU_0404,6.9,82.2,4,5,7.7,Yes,9.7,3.6,9,6,9,49.2,Moderate
STU_0405,4.9,82.7,3,5,6.1,Yes,6.5,2.8,6,2,3,13.1,Low
STU_0406,5.3,97.0,2,3,6.2,Yes,12.9,5.2,3,4,4,51.7,Moderate
STU_0407,4.0,80.3,6,6,5.5,Yes,7.3,2.2,6,4,4,41.6,Low
STU_0408,6.4,88.3,3,5,5.8,Yes,9.2,2.9,6,6,4,41.9,Low
STU_0409,4.1,71.8,5,7,6.4,Yes,9.4,4.5,2,5,5,73.7,High
STU_0410,7.0,70.3,4,6,4.9,Yes,4.7,4.9,6,1,2,17.5,Low
STU_0411,8.6,100.0,6,8,5.4,Yes,7.1,1.7,6,5,5,53.3,Moderate
STU_0412,8.9,81.7,7,7,5.1,No,7.3,3.0,3,3,4,68.3,High
STU_0413,5.4,76.7,2,4,4.1,No,4.8,5.2,7,8,6,37.5,Low
STU_0414,3.5,73.9,9,7,6.8,No,4.8,1.9,4,2,5,52.7,Moderate
STU_0415,4.2,86.4,5,5,6.0,No,8.1,5.3,6,3,4,49.0,Moderate
STU_0416,8.6,79.8,7,2,6.1,Yes,8.8,5.4,1,1,2,50.7,Moderate
STU_0417,11.3,67.8,4,8,5.8,Yes,8.5,3.3,6,2,4,43.6,Moderate
STU_0418,5.0,89.0,7,4,3.5,No,9.1,4.1,8,7,7,60.1,Moderate
STU_0419,5.1,87.6,2,4,7.3,No,6.3,4.1,3,3,5,38.7,Low
STU_0420,6.6,71.5,7,5,6.2,No,5.3,5.1,3,1,6,52.9,Moderate
STU_0421,4.0,84.0,6,3,5.2,No,9.4,3.7,1,4,8,85.3,High
STU_0422,8.5,86.7,7,6,3.8,No,7.9,3.6,9,6,2,41.1,Low
STU_0423,4.9,76.9,1,3,6.4,No,2.9,5.4,5,3,5,10.0,Low
STU_0424,7.8,84.1,6,8,7.9,Yes,8.1,2.9,7,5,3,39.5,Low
STU_0425,9.1,73.0,1,4,8.0,Yes,9.5,6.0,4,7,7,49.3,Moderate
STU_0426,7.2,80.9,4,8,5.6,Yes,8.2,4.7,7,5,4,46.4,Moderate
STU_0427,5.1,77.1,6,4,6.8,No,7.8,3.1,5,5,6,60.4,Moderate
STU_0428,6.7,73.9,4,4,7.3,No,5.7,2.5,5,5,3,23.2,Low
STU_0429,5.6,84.2,2,6,6.7,No,6.6,4.7,7,1,3,14.5,Low
STU_0430,4.1,73.5,8,4,4.5,Yes,9.7,3.4,4,5,6,72.2,High
STU_0431,4.6,84.6,3,2,5.5,No,6.5,5.2,3,6,4,41.3,Low
STU_0432,4.0,88.0,1,5,6.5,Yes,4.8,5.2,7,8,4,16.6,Low
STU_0433,9.1,95.3,5,3,5.0,Yes,3.2,2.5,6,3,3,10.5,Low
STU_0434,6.2,70.1,8,2,5.2,No,6.8,1.8,5,7,9,76.6,High
STU_0435,4.6,75.8,3,4,4.1,No,4.9,4.4,5,7,7,53.9,Moderate
STU_0436,4.8,64.4,5,8,7.7,Yes,8.7,2.5,6,5,6,61.0,Moderate
STU_0437,4.7,92.0,6,8,5.7,Yes,8.7,2.5,9,1,7,46.2,Moderate
STU_0438,7.1,100.0,5,4,6.8,No,4.4,5.3,8,6,6,25.2,Low
STU_0439,8.8,63.6,5,8,5.5,No,7.3,2.3,7,3,3,44.7,Moderate
STU_0440,8.1,100.0,3,9,10.0,Yes,6.7,4.3,8,5,3,15.1,Low
STU_0441,7.3,81.7,3,3,4.2,Yes,7.2,2.9,6,2,5,25.3,Low
STU_0442,7.0,88.4,7,2,5.2,No,4.0,3.8,3,4,7,51.3,Moderate
STU_0443,6.3,76.4,1,5,7.7,Yes,8.9,6.6,5,4,5,39.4,Low
STU_0444,6.0,62.6,5,6,6.3,Yes,6.7,2.5,7,5,5,36.1,Low
STU_0445,4.5,80.9,4,3,8.7,No,5.3,7.3,6,4,1,10.0,Low
STU_0446,6.3,74.8,5,9,7.7,Yes,5.0,2.9,7,6,6,40.2,Low
STU_0447,7.5,89.2,5,5,7.0,Yes,7.0,4.8,7,5,3,26.4,Low
STU_0448,4.5,89.3,1,5,6.9,No,7.3,3.4,1,5,5,47.3,Moderate
STU_0449,4.1,88.3,5,8,5.4,Yes,8.7,4.5,6,3,6,61.3,Moderate
STU_0450,3.5,70.5,4,4,5.0,No,6.4,3.6,7,4,2,16.5,Low
STU_0451,6.3,78.8,7,4,7.7,Yes,5.6,4.7,4,4,6,44.6,Moderate
STU_0452,5.0,84.9,1,5,4.7,No,4.5,5.9,6,7,3,21.2,Low
STU_0453,7.3,82.4,6,6,6.6,No,7.9,4.5,5,7,4,65.5,Moderate
STU_0454,2.7,69.8,2,8,8.2,No,3.7,0.9,1,2,7,39.7,Low
STU_0455,6.5,95.5,7,4,7.3,No,5.4,6.1,3,4,6,61.2,Moderate
STU_0456,7.9,74.0,6,9,7.6,No,3.9,4.5,7,3,6,46.3,Moderate
STU_0457,8.4,98.1,5,8,8.2,No,4.5,5.7,6,4,7,46.7,Moderate
STU_0458,5.9,64.3,1,4,5.5,Yes,8.5,2.6,1,4,3,44.6,Moderate
STU_0459,8.2,64.6,5,3,9.6,Yes,6.3,1.7,5,6,4,20.0,Low
STU_0460,4.8,61.6,1,7,7.3,Yes,8.2,4.7,5,2,5,38.5,Low
STU_0461,5.6,87.2,3,1,5.6,No,4.8,2.0,3,5,6,30.9,Low
STU_0462,4.1,77.7,5,3,6.1,Yes,7.4,2.3,6,4,8,47.4,Moderate
STU_0463,7.4,83.6,6,2,4.5,Yes,7.0,5.0,7,5,4,39.0,Low
STU_0464,8.5,55.6,5,8,7.0,No,6.5,4.3,4,8,4,67.3,Moderate
STU_0465,3.7,70.0,6,6,6.7,Yes,4.8,1.2,7,7,4,26.7,Low
STU_0466,10.9,76.2,4,7,4.4,Yes,4.6,3.0,6,5,2,31.4,Low
STU_0467,4.7,77.8,5,5,8.4,Yes,8.6,3.8,5,4,5,43.9,Moderate
STU_0468,7.2,67.5,1,2,7.6,Yes,5.7,2.8,3,3,1,10.0,Low
STU_0469,6.1,79.9,6,7,8.1,Yes,5.3,3.7,5,5,6,44.5,Moderate
STU_0470,6.3,68.9,7,4,6.2,Yes,5.3,2.7,6,8,3,28.7,Low
STU_0471,5.4,83.2,4,4,5.7,No,4.8,2.3,8,5,4,16.7,Low
STU_0472,2.4,91.5,8,4,6.5,Yes,5.7,1.7,4,6,4,41.1,Low
STU_0473,6.8,71.5,7,7,7.3,No,4.7,2.0,5,5,4,48.1,Moderate
STU_0474,5.6,77.1,5,4,4.6,Yes,6.5,4.6,5,4,7,59.6,Moderate
STU_0475,5.4,83.9,2,8,4.6,Yes,4.0,3.1,4,8,4,49.3,Moderate
STU_0476,8.3,45.0,5,2,5.1,No,5.8,1.2,5,6,1,23.4,Low
STU_0477,5.6,78.3,4,5,6.8,Yes,6.1,3.8,4,2,4,32.6,Low
STU_0478,3.3,73.5,5,5,6.3,Yes,7.3,3.5,4,7,7,66.3,Moderate
STU_0479,5.6,99.6,7,2,7.8,Yes,6.6,4.9,4,5,3,26.6,Low
STU_0480,7.1,84.9,4,6,5.7,No,4.7,4.4,7,4,6,30.7,Low
STU_0481,9.7,94.1,4,4,8.2,Yes,5.1,5.0,6,3,3,10.0,Low
STU_0482,8.6,99.2,6,7,9.9,No,8.0,5.0,7,4,6,43.9,Moderate
STU_0483,6.5,73.4,4,6,6.0,No,4.7,2.8,7,3,5,26.9,Low
STU_0484,3.9,72.2,4,2,4.8,Yes,8.0,0.5,9,6,4,19.9,Low
STU_0485,7.7,76.1,5,5,6.1,Yes,9.4,5.2,3,3,4,64.0,Moderate
STU_0486,6.1,89.5,6,2,7.0,No,10.1,5.0,6,9,3,49.5,Moderate
STU_0487,5.1,96.4,3,7,5.6,No,2.4,3.5,6,5,4,21.7,Low
STU_0488,8.6,100.0,4,7,6.8,Yes,8.6,6.9,5,3,8,62.8,Moderate
STU_0489,5.6,65.4,5,6,7.5,No,6.7,3.7,6,4,4,38.5,Low
STU_0490,8.0,71.6,6,6,7.3,Yes,4.2,4.9,6,6,5,38.9,Low
STU_0491,6.1,49.4,3,8,5.3,Yes,6.5,5.9,5,6,7,71.8,High
STU_0492,5.4,74.7,1,6,6.0,Yes,5.4,5.3,6,3,5,25.2,Low
STU_0493,5.0,69.7,5,9,6.4,Yes,6.6,1.6,6,7,6,59.7,Moderate
STU_0494,8.0,59.3,2,7,5.7,No,7.4,2.6,4,6,1,49.2,Moderate
STU_0495,7.0,78.4,4,3,8.7,No,6.0,5.3,1,1,7,49.2,Moderate
STU_0496,8.3,89.0,5,1,6.8,Yes,11.1,5.4,5,4,1,36.1,Low
STU_0497,4.5,89.8,4,2,6.9,No,7.2,3.4,5,6,1,18.6,Low
STU_0498,8.7,79.3,5,7,6.4,Yes,7.4,2.2,3,1,3,44.3,Moderate
STU_0499,6.0,73.7,6,6,6.9,Yes,6.2,2.0,4,6,3,37.8,Low
STU_0500,6.9,92.5,6,2,5.3,No,7.9,4.3,6,4,6,50.9,Moderate
STU_0501,3.0,94.8,3,6,3.5,Yes,5.3,3.9,4,7,7,52.7,Moderate
STU_0502,5.5,90.5,2,4,8.3,Yes,8.5,5.0,5,4,3,21.4,Low
STU_0503,4.9,83.0,5,5,6.9,No,7.4,5.6,3,6,3,50.8,Moderate
STU_0504,6.0,82.2,4,4,6.5,Yes,8.3,3.0,4,6,6,45.8,Moderate
STU_0505,4.0,70.3,3,8,8.7,No,6.9,4.4,4,5,6,55.6,Moderate
STU_0506,7.0,74.4,1,8,7.5,Yes,7.2,4.0,6,2,6,33.2,Low
STU_0507,6.5,86.4,3,2,7.0,No,1.6,4.6,4,4,5,15.8,Low
STU_0508,3.0,92.5,4,6,7.7,Yes,6.3,5.9,7,6,6,37.8,Low
STU_0509,7.0,91.1,7,4,7.0,No,6.0,1.3,5,3,7,36.8,Low
STU_0510,8.2,86.7,6,4,7.0,No,10.8,6.8,6,5,7,77.0,High
STU_0511,5.9,67.3,6,5,7.2,Yes,7.3,2.1,9,2,6,25.6,Low
STU_0512,9.9,83.7,5,6,5.2,Yes,9.5,9.0,4,5,2,66.5,Moderate
STU_0513,7.4,85.4,2,7,8.8,Yes,9.1,7.8,7,3,7,45.3,Moderate
STU_0514,6.4,92.1,2,4,8.4,Yes,5.7,6.6,4,3,2,10.9,Low
STU_0515,4.8,89.8,4,8,7.2,Yes,7.2,3.2,4,5,5,56.0,Moderate
STU_0516,7.6,93.6,4,5,5.7,Yes,6.9,4.2,5,1,5,31.8,Low
STU_0517,5.4,70.1,4,7,7.4,Yes,4.2,5.5,5,6,4,34.5,Low
STU_0518,8.1,79.0,5,1,5.5,No,5.5,2.0,7,7,4,23.5,Low
STU_0519,5.3,66.3,3,3,3.9,Yes,6.8,2.3,6,7,4,30.2,Low
STU_0520,10.5,80.8,5,9,7.1,No,6.2,3.4,6,3,6,53.5,Moderate
STU_0521,5.5,90.7,4,4,5.4,Yes,3.9,5.1,6,4,5,22.1,Low
STU_0522,8.3,92.2,3,6,5.8,Yes,1.5,1.3,4,6,1,10.0,Low
STU_0523,8.7,92.6,3,7,6.5,Yes,4.3,2.7,7,1,5,14.0,Low
STU_0524,3.1,72.4,4,9,7.7,No,6.7,6.4,8,7,6,57.2,Moderate
STU_0525,9.5,90.8,3,5,6.9,No,3.3,4.4,3,3,4,21.0,Low
STU_0526,8.0,62.5,5,5,6.6,Yes,8.0,2.2,6,9,5,49.6,Moderate
STU_0527,8.5,76.3,2,3,4.9,Yes,7.3,2.3,5,5,6,36.0,Low
STU_0528,5.1,72.3,5,5,6.0,No,2.9,5.4,4,3,3,27.9,Low
STU_0529,7.4,87.1,5,9,4.8,No,6.8,3.5,5,5,6,69.9,High
STU_0530,9.7,77.9,3,8,3.7,Yes,10.3,4.2,7,6,8,73.2,High
STU_0531,5.1,88.3,4,4,8.4,No,5.0,5.8,7,7,4,26.4,Low
STU_0532,2.6,90.3,4,6,5.8,No,6.9,2.5,3,3,5,48.9,Moderate
STU_0533,5.6,85.1,7,9,5.5,Yes,6.8,2.3,5,6,4,57.8,Moderate
STU_0534,7.8,100.0,4,7,5.9,Yes,6.4,3.5,8,4,6,29.4,Low
STU_0535,9.1,75.3,5,4,5.3,Yes,5.6,1.9,8,7,7,40.0,Low
STU_0536,5.1,92.1,3,7,6.3,No,6.9,2.7,6,9,7,55.9,Moderate
STU_0537,8.7,67.9,4,5,8.0,Yes,3.3,2.2,5,6,2,14.6,Low
STU_0538,4.2,90.4,2,3,6.4,Yes,7.5,1.4,5,5,7,34.5,Low
STU_0539,4.3,66.5,6,7,5.6,No,4.9,4.9,7,8,4,53.0,Moderate
STU_0540,3.0,73.6,1,4,7.7,Yes,6.0,6.2,7,1,5,11.2,Low
STU_0541,8.0,100.0,8,4,6.9,Yes,11.2,2.4,3,9,2,70.0,High
STU_0542,9.2,87.9,6,4,6.8,No,2.8,6.7,7,7,1,18.7,Low
STU_0543,3.9,87.1,7,7,7.3,Yes,10.1,3.4,7,7,8,65.9,Moderate
STU_0544,3.0,78.3,7,3,7.1,No,5.8,5.0,2,2,3,47.1,Moderate
STU_0545,6.2,82.4,6,6,5.7,Yes,3.2,3.1,2,4,6,54.3,Moderate
STU_0546,7.1,84.5,9,9,6.3,Yes,3.4,2.3,6,5,3,40.1,Low
STU_0547,5.1,89.1,7,4,5.5,Yes,5.4,6.8,3,6,6,62.5,Moderate
STU_0548,6.3,84.7,5,8,8.3,Yes,6.1,0.5,4,9,2,35.0,Low
STU_0549,6.4,92.4,6,4,8.6,No,6.1,5.2,3,5,4,45.1,Moderate
STU_0550,7.5,91.1,5,4,5.1,Yes,6.7,3.6,3,7,2,44.8,Moderate
STU_0551,8.5,62.1,5,6,7.0,No,5.2,2.5,5,7,3,32.2,Low
STU_0552,4.1,66.6,4,4,6.7,Yes,4.3,0.8,8,5,4,10.0,Low
STU_0553,2.8,66.1,5,4,8.5,Yes,8.1,0.5,6,4,5,34.3,Low
STU_0554,6.0,92.1,4,5,4.3,Yes,4.9,3.3,8,5,4,22.9,Low
STU_0555,10.5,94.7,3,6,7.9,Yes,11.1,6.5,7,6,8,61.0,Moderate
STU_0556,9.4,78.6,4,3,6.5,Yes,5.0,6.1,7,7,6,27.8,Low
STU_0557,2.8,83.6,2,5,4.5,Yes,7.8,2.5,4,4,5,42.2,Moderate
STU_0558,8.2,84.9,8,6,7.7,Yes,4.5,3.6,1,6,4,57.9,Moderate
STU_0559,9.2,100.0,6,3,6.3,No,6.8,4.5,5,4,5,40.4,Low
STU_0560,4.5,81.8,6,7,7.2,No,5.5,2.9,6,6,8,62.6,Moderate
STU_0561,5.8,97.3,2,6,5.7,Yes,5.0,4.5,4,6,8,43.8,Moderate
STU_0562,4.3,93.6,6,6,6.4,No,3.0,4.2,9,1,3,10.0,Low
STU_0563,2.9,60.0,3,7,5.9,No,4.2,4.0,5,5,5,49.7,Moderate
STU_0564,5.8,86.4,7,4,5.3,Yes,6.5,2.8,4,7,4,53.1,Moderate
STU_0565,7.0,88.0,3,1,3.9,Yes,6.9,4.4,7,5,4,27.0,Low
STU_0566,6.6,74.3,1,7,4.7,Yes,4.6,3.4,3,5,2,27.8,Low
STU_0567,5.1,62.1,1,5,5.1,No,5.8,6.9,7,3,6,27.1,Low
STU_0568,6.6,71.4,7,7,6.5,No,5.4,4.8,6,9,3,60.2,Moderate
STU_0569,7.9,67.3,6,6,5.6,Yes,1.5,2.6,2,6,1,33.1,Low
STU_0570,4.4,78.0,8,4,5.8,No,5.4,3.3,1,8,4,73.5,High
STU_0571,6.8,82.7,6,4,7.7,Yes,9.5,4.4,5,2,6,51.6,Moderate
STU_0572,7.4,81.5,6,5,6.7,Yes,6.1,4.7,4,2,3,30.3,Low
STU_0573,8.2,76.3,1,6,6.9,Yes,6.8,4.6,1,5,4,50.4,Moderate
STU_0574,8.1,100.0,1,6,7.3,No,2.8,3.7,7,6,4,10.0,Low
STU_0575,7.6,71.5,2,7,6.5,No,10.0,3.1,5,2,7,56.3,Moderate
STU_0576,8.5,93.6,7,4,6.8,Yes,4.4,4.6,1,6,5,51.9,Moderate
STU_0577,7.5,83.3,8,5,6.9,No,5.9,4.8,5,8,6,63.4,Moderate
STU_0578,4.3,85.4,4,3,4.9,Yes,4.5,3.6,3,6,3,30.8,Low
STU_0579,6.3,55.7,6,5,3.5,Yes,5.4,2.8,5,1,4,38.7,Low
STU_0580,4.2,97.9,2,4,6.9,No,8.0,4.1,4,1,9,55.7,Moderate
STU_0581,6.3,87.2,2,4,6.4,No,5.0,4.4,2,5,8,50.8,Moderate
STU_0582,1.3,85.2,5,3,7.7,No,9.1,4.5,6,6,5,42.6,Moderate
STU_0583,9.7,79.7,7,5,7.8,Yes,4.4,2.6,4,4,8,47.3,Moderate
STU_0584,3.9,78.8,2,5,7.6,Yes,7.1,2.4,8,6,5,17.5,Low
STU_0585,10.0,91.6,2,5,5.3,Yes,8.1,2.2,5,4,7,41.5,Low
STU_0586,7.4,94.6,4,9,6.0,No,8.5,5.6,7,7,5,63.1,Moderate
STU_0587,7.0,95.2,4,1,4.2,Yes,10.0,3.1,6,4,4,37.9,Low
STU_0588,7.9,92.2,4,1,6.6,No,5.6,3.5,8,2,5,12.3,Low
STU_0589,5.6,82.4,2,8,4.9,Yes,7.6,6.1,3,1,5,51.1,Moderate
STU_0590,4.6,68.7,4,3,6.8,Yes,4.5,6.4,4,3,5,33.3,Low
STU_0591,2.1,74.3,7,3,4.8,Yes,2.9,1.2,3,4,2,28.1,Low
STU_0592,8.1,87.9,7,4,6.2,Yes,7.1,5.5,6,4,6,49.3,Moderate
STU_0593,9.6,84.5,5,8,7.5,Yes,4.7,2.5,4,8,6,57.0,Moderate
STU_0594,6.8,61.5,7,4,7.3,No,7.2,4.4,6,6,6,59.1,Moderate
STU_0595,5.6,86.0,3,4,6.8,No,6.3,3.1,7,4,6,27.8,Low
STU_0596,5.7,87.9,8,3,5.6,Yes,5.4,4.3,7,5,3,31.6,Low
STU_0597,5.4,86.8,6,4,8.3,No,5.5,1.2,4,4,7,45.8,Moderate
STU_0598,7.8,91.1,9,1,9.1,Yes,4.1,3.4,7,3,7,17.9,Low
STU_0599,7.2,73.3,5,5,7.8,Yes,5.2,4.6,3,3,7,43.6,Moderate
STU_0600,5.4,100.0,5,3,6.0,No,7.0,4.4,3,4,2,39.2,Low
STU_0601,8.0,79.2,4,3,6.2,Yes,9.7,3.9,9,3,7,34.8,Low
STU_0602,6.3,75.8,2,7,6.4,Yes,5.2,2.3,7,3,5,14.9,Low
STU_0603,7.1,65.1,5,5,7.4,Yes,3.5,2.0,8,5,3,10.0,Low
STU_0604,9.3,81.5,4,1,7.1,No,6.3,4.1,4,9,4,38.7,Low
STU_0605,5.3,75.3,4,4,5.2,No,6.3,5.9,3,5,6,63.0,Moderate
STU_0606,4.9,92.7,3,2,6.5,Yes,3.3,2.8,4,4,5,12.2,Low
STU_0607,6.4,97.6,5,7,6.6,Yes,4.9,6.3,5,3,4,32.3,Low
STU_0608,5.8,97.9,3,6,6.3,Yes,1.5,5.9,5,7,3,17.2,Low
STU_0609,6.7,57.1,5,7,5.2,No,7.3,4.0,6,4,5,58.8,Moderate
STU_0610,1.5,77.8,5,5,7.2,No,5.5,3.3,1,5,2,42.1,Moderate
STU_0611,5.8,89.9,6,6,6.2,No,6.8,4.8,1,5,2,61.8,Moderate
STU_0612,4.0,77.5,4,5,6.5,No,6.6,3.3,8,8,3,31.4,Low
STU_0613,6.0,78.8,3,3,6.0,No,8.2,3.8,4,2,3,36.3,Low
STU_0614,6.6,88.9,1,4,5.6,Yes,6.7,2.1,4,6,7,42.8,Moderate
STU_0615,9.4,90.7,5,7,5.7,No,5.0,3.5,3,5,8,71.5,High
STU_0616,7.1,54.0,6,5,5.3,Yes,6.4,2.9,4,6,5,59.4,Moderate
STU_0617,4.2,72.7,7,6,7.7,No,2.6,4.2,6,7,3,28.4,Low
STU_0618,8.7,70.4,1,4,5.7,Yes,9.0,3.3,4,5,1,29.7,Low
STU_0619,7.7,84.2,6,5,6.6,No,9.1,3.4,1,3,8,85.0,High
STU_0620,7.6,93.4,4,5,6.5,No,5.9,4.8,2,3,5,49.5,Moderate
STU_0621,6.9,89.0,7,3,5.5,No,8.5,6.9,6,5,4,54.9,Moderate
STU_0622,4.9,83.4,4,7,6.0,No,7.3,1.6,9,3,9,46.3,Moderate
STU_0623,7.0,78.9,7,9,6.6,No,4.9,2.3,7,6,4,52.5,Moderate
STU_0624,7.2,87.5,7,5,5.3,No,7.4,0.7,8,1,6,37.4,Low
STU_0625,8.3,88.6,4,4,4.2,Yes,6.0,1.9,5,3,5,29.7,Low
STU_0626,8.5,79.0,2,5,7.7,Yes,5.7,3.6,5,6,6,28.3,Low
STU_0627,5.2,100.0,1,3,5.2,No,8.1,5.3,6,3,7,33.1,Low
STU_0628,7.0,70.0,6,2,7.7,No,5.2,4.5,5,7,4,36.0,Low
STU_0629,7.7,70.0,2,2,6.9,No,5.8,4.8,5,5,6,28.4,Low
STU_0630,9.6,78.1,3,3,3.5,Yes,6.3,1.2,5,4,4,35.3,Low
STU_0631,6.9,70.1,2,6,5.6,Yes,4.2,3.9,4,3,6,34.8,Low
STU_0632,4.5,61.0,4,5,4.3,Yes,6.7,2.5,6,8,4,45.1,Moderate
STU_0633,4.3,86.7,3,7,8.6,No,9.8,4.9,1,3,6,68.9,High
STU_0634,4.8,84.7,2,5,6.7,Yes,7.3,3.4,7,4,3,12.0,Low
STU_0635,3.7,66.9,6,5,5.2,No,7.8,5.4,7,1,6,54.5,Moderate
STU_0636,7.0,79.1,4,4,5.0,No,11.1,5.5,5,6,4,65.9,Moderate
STU_0637,8.5,87.1,6,8,5.8,No,6.9,2.0,4,9,7,82.8,High
STU_0638,5.8,85.5,7,4,5.0,Yes,8.8,3.0,2,4,5,70.3,High
STU_0639,6.9,85.4,2,7,3.6,Yes,5.5,1.8,6,4,3,29.4,Low
STU_0640,5.1,76.2,1,4,8.1,Yes,6.9,4.9,8,3,1,10.0,Low
STU_0641,7.4,96.2,1,8,6.6,No,10.4,2.9,4,7,3,55.3,Moderate
STU_0642,5.3,45.0,5,1,5.0,No,9.0,5.5,4,6,5,69.5,High
STU_0643,5.8,83.1,3,2,4.8,Yes,8.6,3.6,5,8,8,56.5,Moderate
STU_0644,9.1,77.5,5,4,6.1,Yes,8.7,6.1,6,3,6,50.8,Moderate
STU_0645,5.9,96.3,4,6,6.6,No,3.1,3.1,6,7,5,30.4,Low
STU_0646,9.2,93.3,1,3,4.8,Yes,4.8,4.7,5,5,5,15.4,Low
STU_0647,8.1,77.0,5,6,3.5,No,9.2,4.6,8,5,9,80.5,High
STU_0648,3.3,85.6,6,4,6.7,No,4.9,3.4,6,7,6,42.6,Moderate
STU_0649,6.9,93.0,5,7,5.9,Yes,8.1,6.5,6,3,3,47.1,Moderate
STU_0650,7.0,76.8,7,6,6.3,Yes,10.3,3.6,7,9,1,48.9,Moderate
STU_0651,5.6,65.0,8,4,5.5,Yes,8.8,2.5,9,3,5,39.2,Low
STU_0652,5.0,69.3,6,5,8.1,Yes,6.5,6.0,6,3,4,28.1,Low
STU_0653,6.0,79.1,3,6,6.9,No,7.4,5.7,4,8,4,55.1,Moderate
STU_0654,7.8,69.4,2,1,5.9,Yes,6.1,4.1,6,3,5,18.3,Low
STU_0655,8.7,72.2,5,8,6.1,No,3.4,3.0,7,9,5,48.1,Moderate
STU_0656,7.0,77.6,4,5,6.9,Yes,8.6,0.6,5,5,4,34.6,Low
STU_0657,6.3,73.1,5,6,6.1,Yes,8.4,3.4,8,9,7,58.9,Moderate
STU_0658,7.2,68.7,5,5,4.2,Yes,6.3,3.5,2,7,5,60.6,Moderate
STU_0659,5.6,78.1,4,3,5.0,No,6.7,3.3,5,6,6,50.8,Moderate
STU_0660,7.5,96.1,5,5,4.9,Yes,11.4,2.2,3,6,3,63.0,Moderate
STU_0661,6.1,83.8,6,4,5.6,No,5.6,3.7,9,4,2,10.7,Low
STU_0662,6.7,76.3,2,8,5.5,No,10.0,4.4,3,2,4,59.5,Moderate
STU_0663,6.4,95.2,4,4,3.8,Yes,3.1,6.5,5,2,1,10.0,Low
STU_0664,7.9,93.8,3,6,7.7,Yes,6.2,5.2,8,4,3,13.7,Low
STU_0665,3.4,94.9,4,4,4.9,No,3.5,5.5,8,6,4,17.1,Low
STU_0666,11.5,82.3,4,8,7.3,Yes,4.3,1.7,6,6,4,24.9,Low
STU_0667,8.3,100.0,1,6,6.6,No,6.9,3.9,3,6,4,38.3,Low
STU_0668,4.7,86.9,4,4,7.6,No,4.7,5.6,2,5,5,44.7,Moderate
STU_0669,6.5,80.6,1,2,7.7,No,7.7,0.5,1,5,1,16.0,Low
STU_0670,6.8,71.6,5,9,3.5,Yes,9.1,2.9,5,5,4,75.8,High
STU_0671,8.1,89.8,3,2,6.9,Yes,5.5,4.7,4,3,1,10.0,Low
STU_0672,8.3,74.6,3,4,6.8,Yes,9.9,3.0,7,5,8,51.1,Moderate
STU_0673,5.6,93.6,3,4,6.0,No,5.6,7.2,3,8,4,55.1,Moderate
STU_0674,4.9,79.8,6,7,7.6,Yes,7.7,2.3,7,7,4,48.6,Moderate
STU_0675,3.0,74.6,6,7,7.8,No,8.3,4.4,8,4,4,38.7,Low
STU_0676,7.6,96.8,8,8,5.1,No,6.1,5.6,6,4,6,72.8,High
STU_0677,6.4,76.8,3,1,8.4,Yes,4.7,2.8,3,4,2,10.0,Low
STU_0678,8.2,60.1,3,6,5.5,No,7.0,4.2,5,1,5,42.7,Moderate
STU_0679,4.1,99.4,7,4,6.9,Yes,6.2,6.4,1,4,6,61.5,Moderate
STU_0680,3.6,65.8,4,5,7.7,Yes,5.1,4.0,9,3,2,10.0,Low
STU_0681,5.7,78.0,3,2,5.9,No,3.5,4.6,5,8,5,22.4,Low
STU_0682,7.0,63.3,5,1,9.0,No,6.9,2.8,5,1,4,14.3,Low
STU_0683,7.2,76.4,3,5,8.3,Yes,5.9,5.8,5,3,7,40.8,Low
STU_0684,6.3,70.6,6,4,8.4,No,7.5,2.5,7,7,2,25.5,Low
STU_0685,8.2,66.7,3,5,7.7,No,8.7,4.5,6,4,1,32.1,Low
STU_0686,6.7,65.9,3,6,6.3,Yes,2.6,5.2,6,4,6,25.7,Low
STU_0687,11.3,92.9,3,3,8.2,No,5.6,5.0,5,1,5,20.6,Low
STU_0688,5.8,69.0,7,6,4.6,Yes,8.2,2.1,5,7,4,67.6,Moderate
STU_0689,8.3,88.9,3,3,8.1,Yes,6.6,3.4,8,5,3,10.0,Low
STU_0690,6.8,67.7,6,6,6.7,Yes,6.6,2.8,5,4,2,33.9,Low
STU_0691,7.3,69.2,2,5,5.9,No,2.6,3.9,1,6,4,37.5,Low
STU_0692,5.8,61.7,3,6,6.9,No,7.6,5.5,5,4,7,58.1,Moderate
STU_0693,5.0,93.4,1,7,7.5,Yes,6.2,1.0,5,3,3,10.0,Low
STU_0694,5.2,47.3,4,4,7.7,No,9.4,5.5,5,6,4,61.3,Moderate
STU_0695,8.9,77.7,5,7,7.7,No,8.3,3.8,7,6,4,49.9,Moderate
STU_0696,7.2,65.5,6,4,6.3,Yes,9.4,3.7,6,6,3,43.0,Moderate
STU_0697,5.0,74.3,8,9,6.1,Yes,6.4,4.5,5,6,6,80.4,High
STU_0698,7.5,75.0,6,4,9.0,No,8.2,3.9,7,4,8,53.5,Moderate
STU_0699,7.8,99.3,3,8,4.8,Yes,6.4,5.1,3,1,2,42.3,Moderate
STU_0700,10.3,73.5,6,5,3.5,Yes,2.8,2.1,4,5,7,52.2,Moderate
STU_0701,7.0,87.2,2,7,8.4,Yes,7.3,3.5,4,2,3,27.6,Low
STU_0702,11.3,86.3,2,5,7.8,Yes,9.0,1.8,4,8,7,51.5,Moderate
STU_0703,6.2,86.8,7,7,7.1,No,5.8,3.7,2,1,5,61.8,Moderate
STU_0704,6.1,62.6,4,3,6.6,Yes,8.7,2.2,3,6,8,61.2,Moderate
STU_0705,5.9,63.8,4,4,6.2,Yes,1.5,5.2,3,2,3,20.2,Low
STU_0706,5.9,92.8,3,5,6.9,Yes,1.5,3.5,3,5,4,16.7,Low
STU_0707,7.7,77.3,1,4,7.2,No,7.4,4.4,8,3,4,10.0,Low
STU_0708,10.4,68.0,2,7,6.7,Yes,4.2,3.9,4,3,5,30.6,Low
STU_0709,7.4,77.1,4,6,5.9,Yes,6.2,4.3,6,3,5,35.2,Low
STU_0710,5.4,74.0,6,4,6.8,Yes,8.0,4.9,6,3,3,38.0,Low
STU_0711,4.2,100.0,5,6,7.7,Yes,6.7,4.6,4,5,7,52.0,Moderate
STU_0712,5.3,68.7,6,6,4.4,No,6.6,0.5,1,4,6,73.4,High
STU_0713,7.2,85.6,6,5,4.2,No,6.2,3.2,3,8,4,64.4,Moderate
STU_0714,7.1,61.8,5,5,7.1,Yes,6.2,6.5,9,1,5,28.6,Low
STU_0715,7.4,99.8,6,2,5.6,Yes,6.2,1.9,3,5,6,55.2,Moderate
STU_0716,7.8,93.4,4,4,6.0,No,4.7,4.6,4,3,4,33.7,Low
STU_0717,3.9,80.9,4,6,6.2,No,8.1,3.6,6,5,5,50.5,Moderate
STU_0718,5.3,56.2,5,6,6.9,Yes,5.0,4.8,5,5,1,25.7,Low
STU_0719,5.1,99.2,2,8,5.2,Yes,5.8,4.2,7,5,4,29.5,Low
STU_0720,5.6,59.4,2,4,5.7,Yes,6.9,3.5,3,4,4,28.1,Low
STU_0721,7.4,100.0,6,5,5.5,Yes,5.7,5.9,2,9,4,59.5,Moderate
STU_0722,7.4,85.8,4,1,7.9,Yes,9.0,4.1,5,4,7,39.0,Low
STU_0723,7.3,64.3,4,3,5.4,Yes,2.3,5.2,8,2,7,11.3,Low
STU_0724,7.3,84.9,6,6,8.4,Yes,6.8,2.1,4,2,4,36.3,Low
STU_0725,5.9,67.3,5,6,6.4,No,6.8,6.5,2,4,8,79.7,High
STU_0726,5.4,88.6,2,7,6.4,Yes,5.6,4.3,4,2,4,25.2,Low
STU_0727,5.3,75.1,8,6,6.8,Yes,4.9,5.7,9,1,3,21.1,Low
STU_0728,3.4,97.6,7,3,7.7,Yes,4.4,2.3,6,3,4,17.3,Low
STU_0729,7.6,63.2,5,6,6.2,Yes,4.2,4.6,6,6,8,53.3,Moderate
STU_0730,8.4,79.8,2,6,6.5,No,3.9,5.2,6,5,5,35.5,Low
STU_0731,7.3,81.0,1,4,7.0,No,3.5,6.8,5,5,2,11.8,Low
STU_0732,6.9,87.8,5,5,6.2,Yes,7.2,3.6,5,3,4,35.0,Low
STU_0733,4.2,83.9,3,5,6.0,No,7.3,3.0,2,7,7,70.8,High
STU_0734,7.4,59.2,4,8,8.6,No,5.1,4.2,4,3,6,45.5,Moderate
STU_0735,9.0,67.2,5,6,6.9,Yes,6.8,2.4,7,8,8,62.5,Moderate
STU_0736,4.7,76.0,4,2,6.1,Yes,8.0,5.7,4,8,4,49.8,Moderate
STU_0737,8.8,73.1,8,4,6.3,No,5.4,4.6,5,4,3,39.0,Low
STU_0738,8.3,85.0,2,7,7.1,Yes,6.0,4.5,6,4,3,23.0,Low
STU_0739,4.0,90.5,1,7,5.2,Yes,9.5,3.8,7,2,5,30.1,Low
STU_0740,5.8,70.2,6,3,7.2,Yes,6.2,1.3,5,5,5,33.4,Low
STU_0741,2.3,71.2,5,5,4.9,Yes,9.5,4.4,3,7,8,96.1,High
STU_0742,5.8,83.1,8,6,6.6,Yes,5.6,2.3,9,5,3,29.1,Low
STU_0743,6.1,78.0,7,2,7.6,No,6.6,5.6,6,5,4,39.3,Low
STU_0744,9.2,81.8,1,4,7.7,No,6.8,1.4,5,6,5,24.4,Low
STU_0745,6.5,67.8,8,5,5.3,Yes,2.3,5.5,1,1,5,51.0,Moderate
STU_0746,7.0,96.4,4,6,6.3,No,5.1,3.0,6,8,1,22.3,Low
STU_0747,7.3,69.7,3,8,6.8,Yes,5.1,3.2,4,5,5,37.9,Low
STU_0748,4.4,91.6,5,4,6.3,Yes,6.3,2.4,2,4,6,50.2,Moderate
STU_0749,8.8,79.7,1,4,7.5,Yes,6.7,5.3,5,4,7,33.7,Low
STU_0750,9.3,77.1,1,5,5.8,No,6.1,3.1,5,3,3,19.5,Low
STU_0751,3.5,69.9,4,6,3.8,No,7.2,3.1,1,6,2,67.1,Moderate
STU_0752,5.4,96.1,4,5,4.5,Yes,4.2,6.2,4,6,6,46.5,Moderate
STU_0753,8.9,68.9,3,6,6.0,No,5.7,2.5,3,5,4,48.8,Moderate
STU_0754,4.9,100.0,4,6,6.7,No,7.3,3.4,5,6,6,53.6,Moderate
STU_0755,6.7,72.8,3,5,7.7,No,4.1,5.3,7,8,6,26.8,Low
STU_0756,8.6,87.5,4,2,8.3,Yes,4.0,5.5,3,4,7,25.3,Low
STU_0757,4.6,70.1,4,4,6.5,Yes,6.0,3.6,6,4,5,26.2,Low
STU_0758,7.8,93.2,6,2,4.2,Yes,9.1,5.1,9,2,5,31.3,Low
STU_0759,5.8,91.2,7,5,6.0,No,3.9,4.7,5,2,5,38.5,Low
STU_0760,6.9,72.5,3,7,5.9,No,5.5,3.9,8,1,4,18.7,Low
STU_0761,6.0,78.2,6,6,5.8,Yes,9.4,1.4,5,4,8,76.6,High
STU_0762,8.6,71.0,7,6,7.4,No,3.0,4.2,7,7,3,34.4,Low
STU_0763,6.3,83.1,5,2,8.1,Yes,7.7,1.7,9,8,3,10.5,Low
STU_0764,4.9,89.8,6,7,8.5,No,8.3,3.5,5,4,1,39.7,Low
STU_0765,7.9,91.3,5,5,7.1,No,11.9,2.9,5,3,6,73.4,High
STU_0766,5.1,80.2,4,5,6.2,Yes,2.0,3.8,4,2,3,12.3,Low
STU_0767,5.2,94.0,1,5,7.0,No,7.1,4.8,7,3,4,20.5,Low
STU_0768,4.2,73.0,5,2,4.4,Yes,10.0,3.7,7,6,3,40.3,Low
STU_0769,3.5,82.5,5,5,4.8,No,7.2,3.4,7,5,7,53.7,Moderate
STU_0770,7.3,75.9,5,9,5.8,No,7.6,1.5,5,4,4,59.6,Moderate
STU_0771,5.7,100.0,4,9,6.8,No,4.1,5.1,4,6,5,46.9,Moderate
STU_0772,8.9,88.9,2,2,9.2,Yes,6.5,8.1,6,7,6,18.5,Low
STU_0773,5.7,79.0,1,1,7.7,Yes,10.2,3.1,5,5,2,10.3,Low
STU_0774,4.2,91.3,2,5,8.0,Yes,6.5,4.5,2,6,4,36.8,Low
STU_0775,5.4,55.9,6,6,6.4,Yes,5.1,2.8,4,5,9,65.0,Moderate
STU_0776,8.6,82.6,8,6,4.2,Yes,5.4,7.5,3,2,4,63.6,Moderate
STU_0777,4.2,86.1,6,6,6.9,Yes,5.6,1.8,8,3,6,28.8,Low
STU_0778,6.6,86.6,4,4,5.2,No,9.4,2.2,5,5,6,62.0,Moderate
STU_0779,6.1,80.1,9,4,4.6,Yes,6.5,5.2,8,6,4,49.9,Moderate
STU_0780,6.6,75.1,4,6,5.9,No,5.5,4.8,4,1,4,43.1,Moderate
STU_0781,8.1,78.8,3,4,6.4,Yes,3.7,3.0,6,6,7,28.5,Low
STU_0782,5.5,69.6,6,5,5.3,Yes,8.5,3.3,7,3,5,41.0,Low
STU_0783,4.7,70.6,2,6,5.1,No,8.3,4.0,5,2,5,46.3,Moderate
STU_0784,9.7,63.0,1,5,6.7,No,4.6,6.3,5,5,4,25.2,Low
STU_0785,6.7,76.0,4,5,5.7,Yes,8.3,5.5,3,2,6,57.7,Moderate
STU_0786,6.4,79.1,7,8,4.7,No,7.9,2.8,5,3,4,68.6,High
STU_0787,7.2,68.7,7,5,7.0,No,7.1,2.2,7,4,8,62.2,Moderate
STU_0788,2.3,90.3,4,6,5.3,Yes,6.7,3.6,5,4,8,59.4,Moderate
STU_0789,6.3,72.5,5,3,5.3,Yes,5.6,1.9,7,1,6,23.7,Low
STU_0790,6.3,70.3,6,6,6.5,No,7.7,4.7,4,3,5,64.2,Moderate
STU_0791,7.9,75.4,9,2,8.8,No,4.5,4.0,4,5,4,34.2,Low
STU_0792,8.7,85.6,3,6,7.0,Yes,9.1,6.1,5,1,7,50.2,Moderate
STU_0793,5.6,84.0,2,5,4.5,No,1.5,3.7,4,4,6,32.3,Low
STU_0794,7.6,94.3,2,5,5.5,No,6.9,3.7,6,5,5,33.9,Low
STU_0795,7.5,87.0,2,4,7.8,No,3.4,2.9,5,1,5,10.0,Low
STU_0796,8.2,100.0,4,2,6.2,No,6.0,4.7,4,8,4,37.3,Low
STU_0797,8.6,68.1,5,9,6.5,Yes,6.7,2.6,5,5,4,50.6,Moderate
STU_0798,6.9,67.7,4,7,6.7,No,4.2,1.7,4,5,3,37.0,Low
STU_0799,4.4,79.4,2,6,4.4,No,2.0,4.2,5,4,5,29.6,Low
STU_0800,7.3,68.1,2,4,6.8,Yes,7.4,2.9,6,8,4,33.2,Low
STU_0801,4.1,70.9,6,6,5.9,No,3.9,4.8,4,4,5,53.5,Moderate
STU_0802,10.1,83.2,5,3,6.6,No,6.1,4.4,3,1,1,18.0,Low
STU_0803,4.7,75.1,5,6,7.1,Yes,3.7,4.8,3,5,6,49.6,Moderate
STU_0804,7.4,80.9,2,4,3.5,No,4.2,3.9,7,5,4,15.8,Low
STU_0805,7.0,58.6,7,3,7.9,Yes,8.3,8.2,6,6,2,46.1,Moderate
STU_0806,8.1,82.7,8,7,6.2,Yes,8.0,7.5,2,1,7,81.5,High
STU_0807,8.1,74.2,7,4,6.2,Yes,9.4,2.5,6,6,5,60.9,Moderate
STU_0808,7.1,72.9,7,3,7.0,Yes,6.7,2.5,7,4,4,23.5,Low
STU_0809,9.3,100.0,2,3,6.0,Yes,7.8,4.3,5,4,7,40.0,Low
STU_0810,7.0,66.0,6,7,6.4,No,5.3,6.9,3,2,5,63.4,Moderate
STU_0811,5.7,100.0,5,8,7.2,Yes,6.9,2.0,8,3,3,22.5,Low
STU_0812,6.3,81.3,6,4,8.0,Yes,5.0,5.7,4,3,6,42.0,Moderate
STU_0813,6.3,86.8,2,4,5.2,Yes,5.6,3.0,5,3,5,28.6,Low
STU_0814,5.4,69.6,5,3,7.0,No,1.5,2.3,2,6,3,21.8,Low
STU_0815,6.6,96.4,6,7,5.4,Yes,5.5,2.5,6,8,5,53.2,Moderate
STU_0816,5.1,85.8,5,6,4.7,No,7.6,4.6,3,5,8,84.9,High
STU_0817,5.2,64.5,6,5,7.7,Yes,8.9,4.2,8,6,3,33.4,Low
STU_0818,11.5,95.8,5,5,5.8,No,5.4,3.3,6,5,1,23.3,Low
STU_0819,5.9,83.4,6,6,8.8,Yes,5.8,1.0,4,3,1,14.0,Low
STU_0820,5.2,77.0,4,6,4.7,No,6.1,1.8,3,5,2,37.5,Low
STU_0821,3.8,82.8,2,7,7.5,No,7.6,5.5,5,4,5,43.4,Moderate
STU_0822,8.9,95.1,3,9,7.2,Yes,2.9,4.3,4,9,2,36.2,Low
STU_0823,4.8,81.8,4,3,8.2,No,7.4,3.5,3,4,1,23.5,Low
STU_0824,9.5,78.1,6,7,5.5,No,3.2,4.2,1,2,5,53.9,Moderate
STU_0825,7.6,89.7,6,4,5.4,No,4.8,4.4,4,5,5,52.1,Moderate
STU_0826,5.7,84.1,1,6,4.4,No,7.2,3.2,8,2,4,23.4,Low
STU_0827,5.8,78.2,5,4,6.5,Yes,3.3,5.0,4,4,3,27.4,Low
STU_0828,6.3,84.8,6,3,6.8,No,8.2,6.3,5,3,2,35.7,Low
STU_0829,5.9,74.9,6,1,5.6,Yes,7.9,4.7,6,4,1,20.5,Low
STU_0830,4.9,89.7,2,3,6.6,Yes,5.1,3.5,7,5,4,10.0,Low
STU_0831,9.3,91.9,4,6,6.6,No,9.0,4.4,9,6,4,38.2,Low
STU_0832,5.9,100.0,1,7,7.2,Yes,8.4,3.0,4,5,4,35.1,Low
STU_0833,2.5,86.9,4,5,5.9,No,7.6,3.9,4,1,4,46.0,Moderate
STU_0834,5.3,88.3,3,9,7.8,Yes,5.2,1.2,9,6,7,25.2,Low
STU_0835,5.9,78.8,1,3,6.4,No,6.8,1.5,5,3,5,26.0,Low
STU_0836,2.6,86.0,5,6,4.1,Yes,8.2,1.9,5,2,8,65.1,Moderate
STU_0837,5.9,70.0,4,5,3.8,Yes,7.9,3.1,6,4,5,49.7,Moderate
STU_0838,8.9,84.9,8,8,4.9,Yes,6.6,3.8,4,1,6,68.8,High
STU_0839,6.7,85.3,3,7,6.4,Yes,7.9,3.0,5,6,5,44.8,Moderate
STU_0840,5.9,81.0,3,6,5.9,Yes,9.6,2.8,4,7,3,52.6,Moderate
STU_0841,5.8,68.6,9,6,5.9,No,3.4,4.1,6,6,4,50.2,Moderate
STU_0842,5.3,66.6,7,8,9.2,Yes,4.8,2.4,7,6,6,41.0,Low
STU_0843,4.0,97.0,6,6,5.2,Yes,4.6,3.4,5,5,6,46.2,Moderate
STU_0844,6.7,76.9,7,5,6.6,Yes,9.9,1.5,8,2,2,26.3,Low
STU_0845,4.7,100.0,3,6,6.1,No,2.8,5.0,6,4,2,15.8,Low
STU_0846,3.2,66.8,5,3,5.7,No,3.6,5.6,6,4,8,43.5,Moderate
STU_0847,7.2,80.5,5,8,5.7,Yes,8.0,2.3,7,5,1,33.5,Low
STU_0848,5.9,72.4,4,5,7.2,Yes,4.0,4.5,7,4,5,16.6,Low
STU_0849,10.5,92.2,4,8,6.2,No,6.9,3.9,3,5,4,57.7,Moderate
STU_0850,5.8,79.2,4,5,6.6,Yes,8.0,2.2,8,5,8,44.6,Moderate
STU_0851,6.4,91.2,3,1,5.1,Yes,8.9,3.4,6,2,6,29.6,Low
STU_0852,8.1,66.6,7,3,7.3,Yes,7.4,4.9,5,3,2,35.0,Low
STU_0853,1.7,87.9,4,4,9.3,Yes,7.5,6.0,5,5,2,22.1,Low
STU_0854,4.4,72.4,4,6,8.8,No,5.9,2.3,6,4,9,48.5,Moderate
STU_0855,6.8,96.0,2,4,4.6,Yes,7.9,3.3,5,2,5,29.7,Low
STU_0856,7.0,87.1,3,5,7.4,Yes,4.7,5.1,5,4,5,30.1,Low
STU_0857,7.7,74.2,3,7,8.0,Yes,4.6,2.2,6,1,3,10.0,Low
STU_0858,8.1,84.0,2,4,6.0,No,5.8,5.2,7,6,7,36.2,Low
STU_0859,4.4,66.7,8,3,7.1,No,6.3,0.5,3,4,4,50.4,Moderate
STU_0860,6.9,68.6,1,8,8.3,Yes,7.8,3.0,3,6,4,42.7,Moderate
STU_0861,9.6,66.6,2,3,6.8,Yes,6.2,2.7,7,3,6,16.8,Low
STU_0862,5.2,75.6,5,6,8.4,Yes,7.0,3.5,7,3,3,24.8,Low
STU_0863,5.1,90.9,2,5,7.0,No,5.9,2.7,7,7,3,19.5,Low
STU_0864,4.9,77.4,6,5,7.1,Yes,5.6,0.5,6,7,2,21.2,Low
STU_0865,7.7,87.7,6,6,3.9,No,7.8,8.0,2,5,1,70.9,High
STU_0866,5.6,88.1,8,5,6.1,Yes,8.7,3.3,5,4,5,59.3,Moderate
STU_0867,7.7,100.0,2,4,4.0,No,5.7,5.7,7,6,3,23.5,Low
STU_0868,7.1,100.0,1,5,5.8,No,9.5,5.2,5,3,3,35.8,Low
STU_0869,5.0,71.5,5,2,5.2,No,10.6,6.4,4,3,8,73.8,High
STU_0870,3.4,98.6,5,6,6.4,No,9.1,3.0,5,6,6,58.8,Moderate
STU_0871,6.3,89.8,8,2,7.7,No,3.5,5.7,6,5,6,31.1,Low
STU_0872,7.2,70.4,6,4,5.3,Yes,7.0,5.0,5,6,1,40.2,Low
STU_0873,5.2,89.1,4,5,8.4,Yes,9.0,2.8,9,3,7,30.3,Low
STU_0874,7.8,79.5,5,4,4.5,Yes,2.4,4.1,3,5,5,41.6,Low
STU_0875,2.7,80.8,5,4,6.5,No,4.6,2.5,6,1,7,28.5,Low
STU_0876,9.4,70.1,8,4,7.6,Yes,6.9,4.7,2,1,3,44.7,Moderate
STU_0877,6.2,80.5,4,1,8.1,Yes,8.0,4.0,2,3,3,26.1,Low
STU_0878,7.4,90.2,7,6,5.7,Yes,7.8,3.0,6,8,5,60.9,Moderate
STU_0879,10.7,85.6,6,6,5.6,No,6.3,4.1,8,5,6,52.5,Moderate
STU_0880,8.7,78.4,4,5,5.4,No,9.2,4.9,5,2,8,67.7,Moderate
STU_0881,5.7,77.8,4,1,7.0,No,8.9,2.9,7,6,5,33.1,Low
STU_0882,7.8,74.5,3,5,7.0,Yes,4.0,3.1,7,3,5,11.5,Low
STU_0883,4.7,82.2,3,7,7.1,Yes,7.1,2.9,6,3,7,38.5,Low
STU_0884,5.2,94.0,1,6,6.8,Yes,4.6,3.9,7,7,2,10.0,Low
STU_0885,5.3,78.5,5,3,6.0,No,8.0,2.9,7,4,5,35.4,Low
STU_0886,3.7,86.2,2,4,8.1,No,5.6,1.9,9,1,6,10.0,Low
STU_0887,6.0,70.9,5,4,6.4,No,4.9,4.2,5,3,5,37.1,Low
STU_0888,4.5,81.9,2,4,7.0,No,4.9,7.3,4,2,3,18.7,Low
STU_0889,5.9,76.6,3,5,4.8,Yes,4.0,3.8,7,9,3,23.6,Low
STU_0890,3.0,91.7,6,5,6.2,No,6.7,4.3,7,4,6,50.8,Moderate
STU_0891,4.9,79.5,7,6,7.1,Yes,7.8,4.1,8,6,4,46.2,Moderate
STU_0892,3.2,73.2,4,4,5.5,No,3.2,3.2,6,5,5,23.7,Low
STU_0893,6.4,87.6,5,2,6.5,Yes,4.3,2.7,4,6,1,10.0,Low
STU_0894,4.7,92.3,8,6,6.4,Yes,7.0,4.6,6,3,5,49.7,Moderate
STU_0895,4.6,81.1,4,3,5.8,Yes,6.2,2.7,6,3,5,19.6,Low
STU_0896,6.2,99.1,2,9,5.5,Yes,5.2,0.8,3,4,5,36.2,Low
STU_0897,4.7,77.4,4,5,5.4,Yes,8.0,3.7,4,1,2,36.6,Low
STU_0898,5.8,90.6,7,7,6.5,Yes,8.0,3.8,7,6,5,63.1,Moderate
STU_0899,6.1,80.1,4,7,8.3,No,7.1,0.8,1,6,1,54.6,Moderate
STU_0900,3.8,72.6,3,1,6.8,Yes,6.4,3.4,9,5,7,18.5,Low
STU_0901,7.2,77.4,1,7,8.1,No,7.2,5.4,6,6,5,38.1,Low
STU_0902,6.3,94.1,1,4,8.3,Yes,1.9,1.8,1,4,2,10.0,Low
STU_0903,6.2,78.2,6,3,6.3,No,5.3,3.6,6,3,5,31.7,Low
STU_0904,3.1,91.6,5,4,7.4,Yes,5.3,1.8,4,5,7,41.5,Low
STU_0905,7.4,96.8,8,4,6.6,No,4.8,6.0,7,5,9,52.0,Moderate
STU_0906,3.5,89.3,8,5,6.7,Yes,6.7,4.6,4,6,6,70.8,High
STU_0907,7.2,91.0,4,4,4.7,No,6.4,2.7,3,2,2,39.4,Low
STU_0908,7.3,70.8,6,6,8.4,No,7.6,1.2,6,7,1,33.0,Low
STU_0909,6.7,77.0,5,3,6.1,No,6.3,3.2,4,6,7,53.1,Moderate
STU_0910,7.8,79.3,4,4,4.7,Yes,8.4,3.9,4,7,8,76.2,High
STU_0911,5.8,94.6,5,5,6.9,Yes,4.0,2.3,6,5,3,12.0,Low
STU_0912,7.7,77.6,3,9,5.9,Yes,8.2,2.7,2,6,7,78.1,High
STU_0913,8.6,84.6,8,3,9.4,No,5.1,6.4,4,6,6,58.7,Moderate
STU_0914,5.3,74.6,8,6,5.0,No,7.4,3.8,6,3,6,68.1,High
STU_0915,6.7,87.0,5,8,7.1,Yes,4.5,2.8,7,3,2,19.2,Low
STU_0916,5.1,91.2,2,5,5.8,No,6.3,2.9,6,1,6,21.5,Low
STU_0917,4.9,87.5,7,6,6.3,No,3.4,1.7,3,3,6,50.6,Moderate
STU_0918,4.3,82.3,1,4,5.8,No,6.7,5.5,3,7,3,42.4,Moderate
STU_0919,4.0,96.5,9,6,5.7,Yes,6.8,4.7,3,7,6,85.8,High
STU_0920,8.6,82.6,4,4,7.9,No,3.9,4.3,7,4,5,12.1,Low
STU_0921,6.4,99.0,2,3,5.2,Yes,6.8,2.8,7,2,7,25.0,Low
STU_0922,6.2,68.6,7,6,7.4,Yes,5.0,3.2,6,2,4,30.0,Low
STU_0923,6.3,88.0,3,5,7.9,No,4.1,3.1,6,6,2,10.6,Low
STU_0924,8.0,92.6,5,3,5.1,No,9.5,4.4,5,5,7,69.2,High
STU_0925,5.2,72.6,4,9,6.0,Yes,4.7,5.1,2,2,4,54.8,Moderate
STU_0926,7.3,100.0,9,2,4.4,No,7.0,3.7,8,3,4,38.2,Low
STU_0927,7.8,79.2,2,2,7.1,No,4.3,4.2,6,4,7,20.3,Low
STU_0928,5.4,85.5,3,2,6.8,No,6.1,1.0,4,7,1,10.2,Low
STU_0929,5.9,73.4,4,5,5.8,No,6.8,0.5,2,4,6,60.2,Moderate
STU_0930,6.7,91.1,5,4,4.0,Yes,5.0,2.7,1,7,7,68.0,High
STU_0931,5.4,92.7,1,6,6.9,Yes,9.3,3.8,6,8,1,24.2,Low
STU_0932,4.8,77.4,6,7,6.3,No,4.9,6.0,8,5,6,50.4,Moderate
STU_0933,1.1,98.6,9,6,5.0,No,5.4,4.5,4,1,2,49.4,Moderate
STU_0934,7.2,97.6,4,6,7.1,Yes,6.0,2.2,2,6,2,37.9,Low
STU_0935,5.8,92.3,8,8,8.5,No,5.3,2.2,5,6,3,38.6,Low
STU_0936,7.3,56.1,6,6,7.4,Yes,5.0,5.3,7,8,3,40.4,Low
STU_0937,8.3,80.0,3,3,7.6,Yes,8.4,1.7,3,6,4,36.4,Low
STU_0938,8.8,76.8,5,3,8.0,Yes,4.7,2.1,8,2,6,10.0,Low
STU_0939,7.3,76.7,9,3,5.9,Yes,7.8,4.3,7,5,7,65.8,Moderate
STU_0940,6.3,95.9,4,7,7.5,No,7.3,3.3,1,6,5,65.7,Moderate
STU_0941,4.9,60.4,8,5,7.6,No,7.1,3.6,4,5,2,50.6,Moderate
STU_0942,6.4,62.8,5,4,7.7,Yes,6.4,2.3,5,2,3,17.5,Low
STU_0943,7.2,86.7,4,9,6.4,No,5.2,2.6,6,8,3,43.6,Moderate
STU_0944,7.3,79.0,4,7,5.5,No,6.1,5.1,2,6,4,61.1,Moderate
STU_0945,4.0,70.6,5,6,6.6,No,8.2,2.8,9,6,7,47.3,Moderate
STU_0946,6.8,76.5,8,5,5.7,No,4.0,5.3,6,5,4,50.0,Moderate
STU_0947,6.3,100.0,4,1,4.9,No,7.8,3.3,6,6,3,23.8,Low
STU_0948,9.1,74.7,5,4,6.3,Yes,11.3,4.1,4,6,5,71.2,High
STU_0949,7.1,61.2,3,3,3.6,Yes,7.4,5.5,2,5,2,50.5,Moderate
STU_0950,7.7,75.8,3,6,7.1,No,3.7,3.1,5,1,5,20.3,Low
STU_0951,5.3,78.3,4,8,5.7,No,3.4,3.1,3,7,5,53.7,Moderate
STU_0952,6.2,90.3,8,9,7.5,Yes,7.6,4.2,3,3,2,59.4,Moderate
STU_0953,6.8,71.7,4,4,6.8,No,6.8,2.7,5,2,5,27.7,Low
STU_0954,4.7,100.0,7,5,5.6,Yes,4.5,2.6,8,5,3,17.1,Low
STU_0955,7.5,94.8,1,5,5.6,No,10.2,3.5,8,4,7,51.5,Moderate
STU_0956,5.9,71.5,5,7,6.2,No,8.2,4.5,3,9,2,71.5,High
STU_0957,5.4,80.2,5,2,6.8,No,8.6,3.1,5,4,7,48.5,Moderate
STU_0958,6.0,93.4,7,6,3.9,Yes,9.1,7.1,8,4,6,61.1,Moderate
STU_0959,6.0,100.0,1,6,6.2,No,7.3,2.2,8,2,5,13.6,Low
STU_0960,7.7,82.9,2,7,6.2,Yes,9.7,3.4,8,5,6,49.5,Moderate
STU_0961,6.0,93.1,3,8,5.6,No,8.6,4.2,7,5,4,49.0,Moderate
STU_0962,8.1,63.0,5,1,7.1,No,4.5,1.7,7,3,4,11.1,Low
STU_0963,5.9,85.9,3,4,4.4,No,9.7,5.6,7,3,8,58.5,Moderate
STU_0964,7.0,87.9,6,5,6.9,No,3.0,2.6,5,7,5,36.8,Low
STU_0965,6.6,77.5,5,2,5.4,Yes,10.0,0.7,6,5,7,47.8,Moderate
STU_0966,6.9,73.8,2,5,8.6,No,7.8,4.9,3,6,7,57.6,Moderate
STU_0967,8.3,74.5,7,5,7.9,Yes,6.7,4.3,3,2,3,40.8,Low
STU_0968,4.2,100.0,4,1,5.9,Yes,10.2,5.7,1,1,5,46.6,Moderate
STU_0969,5.2,86.1,1,6,6.3,No,3.2,2.9,4,1,4,14.1,Low
STU_0970,4.8,97.5,5,9,6.5,No,6.5,5.5,5,6,4,56.3,Moderate
STU_0971,3.9,86.7,5,2,4.8,Yes,9.6,5.4,8,5,6,50.9,Moderate
STU_0972,6.9,93.7,2,1,5.6,No,5.6,4.9,5,6,3,19.2,Low
STU_0973,7.7,78.7,4,6,7.5,Yes,4.9,2.6,7,4,1,10.0,Low
STU_0974,7.8,75.4,5,2,8.0,No,8.3,7.0,5,3,5,40.5,Low
STU_0975,4.1,83.1,4,3,7.8,Yes,11.9,3.0,6,6,6,57.7,Moderate
STU_0976,6.6,62.8,7,2,8.9,Yes,2.5,5.0,2,9,7,51.5,Moderate
STU_0977,4.9,90.7,6,5,5.7,No,4.7,3.8,8,5,6,34.5,Low
STU_0978,3.6,100.0,6,7,5.0,No,5.1,4.3,7,9,8,66.3,Moderate
STU_0979,6.9,74.9,5,4,7.2,No,8.3,1.3,2,4,6,60.5,Moderate
STU_0980,4.9,84.4,4,8,4.3,No,4.2,5.3,4,4,9,72.6,High
STU_0981,11.0,100.0,6,6,8.9,Yes,5.8,5.2,7,3,3,10.0,Low
STU_0982,7.2,94.2,7,3,7.7,Yes,2.7,4.2,6,3,5,15.4,Low
STU_0983,7.7,79.0,5,5,4.2,No,8.7,4.0,6,4,3,56.5,Moderate
STU_0984,6.1,66.4,4,8,4.9,No,3.5,4.9,1,2,9,78.3,High
STU_0985,6.1,84.5,5,6,6.6,Yes,6.6,4.5,7,2,4,25.4,Low
STU_0986,8.6,88.4,2,4,6.7,Yes,5.2,3.6,4,8,6,34.9,Low
STU_0987,7.6,76.2,5,3,4.6,Yes,5.3,2.7,7,6,5,25.5,Low
STU_0988,2.9,88.0,6,4,6.6,Yes,5.0,6.9,4,7,6,53.5,Moderate
STU_0989,7.9,71.4,1,8,7.3,Yes,6.2,3.9,5,4,3,24.3,Low
STU_0990,5.9,91.3,3,6,5.2,No,8.6,3.2,4,5,6,66.9,Moderate
STU_0991,3.9,66.4,5,4,8.1,Yes,5.2,3.1,9,6,4,18.9,Low
STU_0992,3.7,92.6,3,8,8.7,No,6.2,5.8,3,9,1,38.0,Low
STU_0993,8.2,86.5,7,8,6.6,Yes,2.4,3.9,9,3,3,14.9,Low
STU_0994,9.7,100.0,7,4,9.1,No,5.9,0.5,6,6,3,15.5,Low
STU_0995,7.4,82.4,4,6,5.4,Yes,4.5,3.6,6,4,3,32.2,Low
STU_0996,8.6,91.3,4,4,10.0,No,7.0,3.3,2,5,7,44.4,Moderate
STU_0997,7.3,62.6,5,6,8.2,Yes,6.2,1.7,8,3,1,10.0,Low
STU_0998,6.1,66.5,1,4,8.4,No,6.2,5.7,2,6,6,46.1,Moderate
STU_0999,9.1,94.9,5,7,4.8,No,4.5,4.3,2,1,3,42.9,Moderate
STU_1000,8.0,92.5,4,3,5.4,Yes,8.8,3.2,8,7,3,32.0,Low
STU_1001,8.1,74.9,2,7,5.1,Yes,9.2,2.1,4,8,3,51.6,Moderate
STU_1002,4.3,80.7,4,5,6.3,Yes,10.0,5.9,6,1,6,47.7,Moderate
STU_1003,7.2,72.0,6,5,6.0,Yes,6.4,5.0,5,5,3,44.0,Moderate
STU_1004,4.3,76.7,6,3,8.3,Yes,7.4,2.7,3,2,5,35.5,Low
STU_1005,6.9,77.1,4,2,5.8,No,8.5,2.9,6,4,3,32.5,Low
STU_1006,2.9,82.9,1,5,7.0,Yes,8.9,2.5,2,3,3,33.7,Low
STU_1007,6.1,74.5,7,6,7.3,No,4.7,3.4,3,1,7,61.9,Moderate
STU_1008,9.2,91.9,1,4,8.0,No,8.5,3.8,7,5,4,17.0,Low
STU_1009,3.1,82.8,6,5,6.7,No,9.2,5.0,5,7,5,69.8,High
STU_1010,4.9,67.2,4,2,7.7,Yes,3.1,1.4,8,4,3,10.0,Low
STU_1011,7.0,73.1,2,8,7.5,No,5.5,4.6,5,8,1,32.1,Low
STU_1012,8.7,100.0,9,6,4.9,Yes,4.7,6.5,2,3,4,59.4,Moderate
STU_1013,1.6,70.4,2,6,8.1,Yes,7.2,0.5,7,6,7,29.4,Low
STU_1014,6.3,68.1,8,7,8.0,No,5.7,1.8,8,3,4,29.3,Low
STU_1015,5.3,54.5,6,5,4.9,Yes,7.0,2.8,7,8,1,41.6,Low
STU_1016,8.3,77.6,3,8,6.5,Yes,5.5,4.4,8,4,2,15.4,Low
STU_1017,6.4,73.0,2,3,6.8,Yes,7.4,3.0,5,9,7,37.7,Low
STU_1018,4.5,72.7,6,5,5.7,No,7.8,4.6,4,1,3,49.3,Moderate
STU_1019,5.4,87.0,7,5,5.2,Yes,9.2,6.0,5,5,5,67.6,Moderate
STU_1020,7.3,96.3,4,7,6.4,No,8.4,2.6,8,1,6,41.7,Low
STU_1021,7.0,89.7,2,8,7.9,Yes,4.7,5.7,3,5,4,39.6,Low
STU_1022,9.2,85.3,5,1,5.6,Yes,6.8,2.5,5,6,6,41.7,Low
STU_1023,8.2,73.7,1,1,9.1,Yes,3.8,2.3,4,4,5,10.0,Low
STU_1024,6.0,76.1,6,6,5.6,No,3.3,6.6,8,3,7,38.1,Low
STU_1025,6.9,77.4,2,5,5.7,Yes,8.5,2.2,5,3,4,31.4,Low
STU_1026,8.3,91.2,9,3,7.0,No,7.2,3.9,2,3,3,65.0,Moderate
STU_1027,6.9,61.6,4,3,9.4,No,7.5,0.9,3,2,4,26.3,Low
STU_1028,4.3,91.7,5,7,9.5,No,8.1,0.9,5,2,6,43.4,Moderate
STU_1029,5.3,57.0,8,8,8.0,No,4.1,4.1,6,4,4,48.0,Moderate
STU_1030,5.9,71.9,1,6,6.4,Yes,9.2,0.5,9,4,2,13.5,Low
STU_1031,7.5,83.8,5,8,7.4,Yes,4.7,5.3,3,6,9,70.2,High
STU_1032,5.1,77.4,3,4,6.9,Yes,7.2,2.1,3,3,2,26.9,Low
STU_1033,4.0,87.6,5,8,8.5,Yes,9.2,4.4,7,6,4,43.4,Moderate
STU_1034,2.7,70.1,6,4,8.0,No,9.1,5.8,9,1,2,20.0,Low
STU_1035,10.6,100.0,4,5,6.7,No,10.1,4.0,1,5,7,78.5,High
STU_1036,6.9,79.2,4,8,5.5,No,6.7,5.2,1,2,2,65.8,Moderate
STU_1037,8.0,76.7,5,8,5.8,No,7.0,4.7,5,6,7,67.6,Moderate
STU_1038,7.9,90.2,5,2,6.1,No,6.9,3.7,4,3,2,26.1,Low
STU_1039,8.5,100.0,4,6,7.2,No,7.1,1.1,4,5,4,40.4,Low
STU_1040,9.0,77.7,4,2,4.1,Yes,5.1,2.8,3,3,5,29.8,Low
STU_1041,5.2,74.8,7,5,7.1,Yes,5.6,3.2,6,4,4,46.5,Moderate
STU_1042,5.1,90.5,3,9,6.7,No,3.0,4.4,4,4,2,31.3,Low
STU_1043,3.9,100.0,3,6,6.3,No,3.9,2.9,6,2,7,27.0,Low
STU_1044,7.7,84.9,6,7,5.0,Yes,8.3,2.6,5,2,4,50.6,Moderate
STU_1045,7.0,86.5,4,4,7.5,Yes,3.1,4.9,5,3,4,10.0,Low
STU_1046,7.9,87.5,6,4,5.2,Yes,5.7,6.4,4,4,2,41.7,Low
STU_1047,7.1,93.7,1,6,8.5,No,9.8,5.8,4,4,1,28.2,Low
STU_1048,3.7,83.4,5,5,6.1,Yes,4.4,7.0,5,6,6,53.7,Moderate
STU_1049,3.9,100.0,1,3,4.4,No,6.7,5.5,7,5,4,19.8,Low
STU_1050,7.6,76.8,4,3,5.9,Yes,4.5,0.6,8,4,6,14.2,Low
STU_1051,6.5,75.5,3,6,6.5,Yes,6.6,5.3,1,3,4,58.4,Moderate
STU_1052,3.6,96.7,4,9,3.9,Yes,7.2,4.2,4,6,8,90.1,High
STU_1053,7.2,64.7,6,5,5.6,No,1.5,1.5,3,9,5,46.7,Moderate
STU_1054,7.0,86.7,3,5,7.9,Yes,1.6,4.0,6,5,4,10.0,Low
STU_1055,6.0,83.4,4,2,5.9,Yes,6.4,6.8,9,2,2,10.0,Low
STU_1056,6.7,91.7,3,8,6.8,Yes,4.3,6.3,7,2,3,17.1,Low
STU_1057,9.2,75.3,2,4,6.1,Yes,10.8,5.8,7,4,7,55.7,Moderate
STU_1058,8.6,84.0,4,7,7.0,No,7.4,1.2,5,4,8,57.6,Moderate
STU_1059,8.2,69.9,6,7,7.4,Yes,4.5,4.0,4,7,7,61.6,Moderate
STU_1060,9.3,86.6,5,5,6.4,Yes,6.3,4.3,7,5,2,21.6,Low
STU_1061,8.2,100.0,3,4,5.9,Yes,9.3,4.7,5,6,5,48.3,Moderate
STU_1062,7.4,50.9,3,4,4.5,No,6.9,5.1,6,4,3,35.2,Low
STU_1063,4.8,73.5,4,7,7.4,Yes,3.1,1.4,1,4,8,52.5,Moderate
STU_1064,6.8,71.1,7,2,4.8,No,6.5,1.3,8,5,7,46.1,Moderate
STU_1065,8.0,76.3,3,2,7.3,Yes,6.9,1.3,6,2,5,11.0,Low
STU_1066,4.9,89.8,4,4,6.2,No,3.9,4.2,8,3,7,21.0,Low
STU_1067,8.1,74.2,7,8,6.1,No,6.4,1.8,9,3,3,39.9,Low
STU_1068,6.8,78.1,3,4,5.9,No,5.3,4.4,5,5,3,29.8,Low
STU_1069,8.7,77.8,5,7,6.2,Yes,4.0,6.1,9,9,7,47.8,Moderate
STU_1070,7.1,72.2,5,5,9.5,Yes,5.9,3.9,5,6,3,21.5,Low
STU_1071,5.7,84.6,6,6,6.0,Yes,2.4,0.9,9,7,6,18.4,Low
STU_1072,7.1,78.0,6,6,5.6,Yes,9.8,3.3,3,4,4,70.3,High
STU_1073,7.6,89.6,1,1,6.6,No,9.0,4.6,3,4,5,35.4,Low
STU_1074,6.4,82.0,2,7,7.1,Yes,10.3,1.2,5,7,5,46.2,Moderate
STU_1075,6.3,88.6,5,4,6.4,No,9.2,4.6,3,5,6,64.2,Moderate
STU_1076,11.2,70.2,3,6,4.7,Yes,5.3,3.3,5,1,6,42.4,Moderate
STU_1077,5.9,100.0,1,7,7.4,No,6.3,6.1,5,5,4,25.6,Low
STU_1078,7.4,92.1,7,2,5.8,Yes,7.5,4.6,4,8,4,54.2,Moderate
STU_1079,9.6,100.0,7,8,5.2,No,5.5,3.4,3,3,3,54.3,Moderate
STU_1080,7.5,83.6,4,4,8.0,Yes,6.7,3.4,5,3,5,26.7,Low
STU_1081,7.8,93.9,6,4,6.5,No,1.5,1.5,7,2,5,10.0,Low
STU_1082,6.1,76.5,5,7,4.3,No,9.7,6.1,5,6,3,70.7,High
STU_1083,9.8,89.5,5,6,6.6,No,7.7,5.1,3,3,8,71.9,High
STU_1084,6.2,83.4,2,4,4.6,Yes,8.9,4.3,6,7,8,59.3,Moderate
STU_1085,5.0,76.4,5,4,6.8,Yes,8.7,3.8,3,2,4,47.5,Moderate
STU_1086,7.5,73.6,3,4,7.3,No,6.1,4.2,3,3,3,30.1,Low
STU_1087,6.7,85.2,6,2,7.0,Yes,5.2,3.7,1,3,1,26.2,Low
STU_1088,4.9,97.9,5,1,5.3,No,4.4,3.7,5,6,4,29.2,Low
STU_1089,6.0,63.2,3,6,6.5,Yes,1.5,1.5,3,2,1,10.0,Low
STU_1090,6.9,85.0,5,5,6.5,No,8.5,3.8,4,1,6,56.5,Moderate
STU_1091,3.6,56.7,4,3,6.0,No,9.2,4.6,5,6,6,71.1,High
STU_1092,4.4,87.2,4,2,4.0,Yes,9.8,1.3,5,5,4,39.5,Low
STU_1093,8.6,69.9,4,5,6.0,Yes,5.9,4.1,7,4,5,27.0,Low
STU_1094,7.3,82.9,5,7,5.3,Yes,8.6,2.0,5,3,4,55.8,Moderate
STU_1095,7.6,80.2,3,2,6.8,Yes,6.2,5.1,3,3,1,13.1,Low
STU_1096,3.6,80.8,5,3,8.2,Yes,3.0,6.3,5,2,3,10.2,Low
STU_1097,4.5,90.7,1,9,6.5,Yes,5.0,5.6,3,1,7,47.0,Moderate
STU_1098,7.2,99.7,8,4,5.3,Yes,4.3,0.8,3,8,6,55.8,Moderate
STU_1099,5.1,96.2,4,1,3.5,Yes,3.6,4.5,3,6,1,23.1,Low
STU_1100,6.4,66.4,4,5,8.0,Yes,6.0,1.4,6,2,3,17.1,Low
STU_1101,3.5,100.0,1,4,6.6,No,8.1,3.8,4,3,3,29.3,Low
STU_1102,3.2,82.2,5,6,4.9,No,6.7,4.3,6,4,2,43.3,Moderate
STU_1103,5.7,80.6,5,5,7.0,No,6.4,3.9,4,4,9,60.5,Moderate
STU_1104,7.3,66.8,6,4,7.6,No,3.7,4.7,2,5,7,57.2,Moderate
STU_1105,8.0,84.1,8,6,7.2,Yes,4.6,5.8,7,3,3,32.7,Low
STU_1106,6.1,85.3,5,1,6.6,Yes,5.4,3.6,4,1,7,25.7,Low
STU_1107,6.5,73.1,5,5,5.6,Yes,9.6,4.1,7,6,5,58.9,Moderate
STU_1108,4.1,94.0,4,3,6.4,Yes,2.6,6.2,5,4,2,10.0,Low
STU_1109,2.6,83.4,4,6,6.1,No,8.0,5.5,8,5,7,59.4,Moderate
STU_1110,6.6,91.1,1,5,6.0,No,4.5,5.8,6,3,2,10.3,Low
STU_1111,7.2,79.1,7,8,8.0,No,5.3,2.1,7,7,5,45.4,Moderate
STU_1112,4.1,92.7,6,5,8.0,No,7.7,4.3,7,4,1,27.9,Low
STU_1113,9.6,68.4,5,6,4.7,No,4.9,5.3,5,4,5,53.4,Moderate
STU_1114,5.4,68.9,6,5,7.1,No,6.1,3.6,8,6,7,49.9,Moderate
STU_1115,6.3,81.2,5,4,8.7,Yes,4.2,4.5,7,4,5,10.0,Low
STU_1116,8.2,61.1,4,6,6.9,Yes,6.7,3.3,1,4,3,49.3,Moderate
STU_1117,6.6,59.0,4,6,6.4,No,6.9,5.7,2,7,5,75.8,High
STU_1118,5.7,63.1,2,5,5.7,Yes,7.3,0.6,3,2,6,45.2,Moderate
STU_1119,5.8,100.0,4,5,6.9,Yes,6.6,5.2,7,3,6,23.4,Low
STU_1120,7.2,90.9,4,3,6.1,No,8.6,3.2,2,7,4,53.0,Moderate
STU_1121,8.7,74.4,3,3,5.8,Yes,6.4,2.7,7,3,4,13.8,Low
STU_1122,7.9,78.5,7,3,9.0,Yes,4.4,3.2,4,8,3,27.4,Low
STU_1123,6.3,94.6,3,2,7.0,Yes,5.5,3.1,8,3,7,10.0,Low
STU_1124,9.4,75.5,4,4,3.8,Yes,7.2,6.5,6,3,3,34.9,Low
STU_1125,6.6,95.8,4,8,5.7,Yes,5.9,3.7,9,7,1,21.3,Low
STU_1126,6.5,100.0,3,1,7.5,Yes,5.7,5.8,5,5,1,10.0,Low
STU_1127,4.8,74.3,4,6,6.9,Yes,8.0,6.7,6,4,7,54.8,Moderate
STU_1128,9.6,98.3,3,6,9.0,Yes,8.1,3.9,4,3,3,27.3,Low
STU_1129,4.8,71.4,4,8,6.8,Yes,5.2,3.3,6,6,1,26.6,Low
STU_1130,8.9,87.0,4,5,3.5,No,5.3,3.9,6,3,4,37.1,Low
STU_1131,7.1,89.5,6,6,5.8,Yes,8.8,3.0,6,5,5,54.2,Moderate
STU_1132,4.6,81.2,3,4,5.6,Yes,5.6,7.1,1,5,3,46.1,Moderate
STU_1133,4.0,82.1,6,3,5.0,Yes,8.5,3.3,3,5,3,51.6,Moderate
STU_1134,8.2,82.1,6,5,8.1,Yes,11.1,4.4,5,8,1,53.4,Moderate
STU_1135,5.2,89.1,3,7,5.9,No,1.7,3.8,6,1,9,28.7,Low
STU_1136,6.6,92.5,2,2,5.0,Yes,8.2,3.6,5,4,5,30.4,Low
STU_1137,6.3,78.4,9,7,5.4,Yes,6.7,3.2,9,5,6,52.6,Moderate
STU_1138,6.3,85.3,5,3,4.5,Yes,7.4,3.4,1,3,6,60.6,Moderate
STU_1139,6.9,74.6,4,4,8.3,No,8.5,5.1,7,5,2,30.5,Low
STU_1140,9.9,82.0,5,7,4.7,Yes,8.7,4.0,6,5,6,65.8,Moderate
STU_1141,8.9,99.6,6,3,6.2,No,7.8,4.7,6,2,2,30.4,Low
STU_1142,7.2,95.3,5,6,4.5,No,4.1,3.4,1,4,6,62.0,Moderate
STU_1143,4.2,70.2,4,2,5.1,Yes,5.9,0.9,5,5,7,34.8,Low
STU_1144,7.6,72.2,3,4,7.3,No,6.3,4.1,2,6,7,63.5,Moderate
STU_1145,7.3,62.7,3,4,6.4,No,6.6,2.1,6,2,5,29.9,Low
STU_1146,5.1,78.6,5,9,5.5,Yes,6.0,4.3,3,5,3,55.7,Moderate
STU_1147,5.1,75.5,2,5,8.8,Yes,4.5,3.2,6,6,4,11.6,Low
STU_1148,6.4,79.7,3,6,6.5,Yes,8.3,4.0,6,2,4,30.6,Low
STU_1149,8.6,86.6,6,7,4.2,No,6.5,4.3,2,4,4,79.8,High
STU_1150,5.7,69.3,7,2,7.2,No,9.1,6.6,7,6,4,50.7,Moderate
STU_1151,5.0,100.0,5,7,4.3,No,8.1,2.6,5,5,5,69.9,High
STU_1152,7.9,80.7,7,7,7.0,Yes,8.4,3.0,7,6,7,60.3,Moderate
STU_1153,10.0,79.0,6,5,3.9,Yes,4.6,2.7,8,2,4,25.7,Low
STU_1154,4.4,73.1,1,5,5.4,Yes,4.7,4.3,7,4,9,31.2,Low
STU_1155,8.8,87.1,5,4,7.1,Yes,3.8,4.6,9,3,5,10.0,Low
STU_1156,7.8,69.1,7,3,7.0,No,7.5,5.4,6,4,3,47.6,Moderate
STU_1157,3.5,90.7,6,7,9.4,No,7.1,4.1,9,1,5,20.3,Low
STU_1158,5.5,87.8,3,4,5.9,No,5.2,5.2,6,5,5,31.0,Low
STU_1159,4.5,78.5,9,8,7.1,Yes,3.4,4.8,5,8,9,72.6,High
STU_1160,8.5,87.2,3,4,6.2,Yes,5.9,4.2,1,2,2,24.7,Low
STU_1161,6.9,88.8,1,9,7.8,Yes,8.0,0.8,4,4,5,36.6,Low
STU_1162,5.6,70.4,2,7,7.4,Yes,10.2,4.4,3,2,5,52.4,Moderate
STU_1163,5.0,81.4,4,3,6.7,Yes,4.8,3.3,7,5,6,20.9,Low
STU_1164,7.1,76.9,4,7,7.3,No,9.4,5.0,4,2,4,52.3,Moderate
STU_1165,8.4,94.0,7,4,3.8,No,3.6,3.4,5,5,6,51.0,Moderate
STU_1166,6.7,87.5,3,6,7.8,Yes,3.6,5.3,5,5,2,20.1,Low
STU_1167,5.1,86.9,7,4,6.4,Yes,6.0,5.4,4,1,5,46.7,Moderate
STU_1168,9.5,83.0,7,9,5.6,Yes,3.1,5.2,3,2,5,52.4,Moderate
STU_1169,8.6,82.2,6,3,6.7,Yes,8.0,3.6,3,1,4,45.3,Moderate
STU_1170,6.4,72.2,3,8,5.7,Yes,5.7,1.8,2,4,6,57.8,Moderate
STU_1171,4.4,91.3,5,3,8.6,Yes,2.9,2.9,4,3,7,15.6,Low
STU_1172,7.0,80.1,4,6,9.2,No,6.0,5.8,9,6,3,18.0,Low
STU_1173,2.4,94.9,5,3,7.0,No,3.8,0.5,5,5,2,10.0,Low
STU_1174,8.8,100.0,6,6,8.3,No,7.3,4.6,8,4,4,35.0,Low
STU_1175,7.3,99.4,7,6,6.7,No,6.1,3.8,3,3,2,37.8,Low
STU_1176,8.5,84.0,6,9,8.1,No,3.6,3.3,9,7,7,35.6,Low
STU_1177,7.8,82.2,5,2,9.6,No,4.3,3.0,5,5,1,10.0,Low
STU_1178,6.7,77.2,3,8,7.5,No,5.2,4.5,8,3,7,31.6,Low
STU_1179,9.5,78.1,6,5,5.5,Yes,8.3,5.5,9,5,3,34.9,Low
STU_1180,8.0,82.2,4,1,6.2,No,7.3,5.9,5,1,9,50.9,Moderate
STU_1181,6.9,99.4,6,4,6.6,Yes,4.1,3.9,6,4,5,17.6,Low
STU_1182,10.7,97.9,3,2,7.7,Yes,6.8,3.3,6,2,4,10.0,Low
STU_1183,7.9,92.6,8,5,5.4,No,8.7,4.5,3,3,8,84.6,High
STU_1184,9.9,91.5,5,6,6.2,No,5.3,4.4,4,6,7,62.5,Moderate
STU_1185,7.9,86.7,4,5,7.6,Yes,6.0,6.3,2,1,2,27.6,Low
STU_1186,7.1,81.0,6,6,5.9,No,6.7,2.7,4,8,2,52.6,Moderate
STU_1187,8.6,65.0,2,4,6.0,Yes,4.6,2.8,9,5,4,10.0,Low
STU_1188,5.6,76.8,3,6,6.6,Yes,5.4,3.4,3,5,3,37.7,Low
STU_1189,6.3,98.0,1,4,7.1,Yes,6.8,0.9,3,4,4,20.2,Low
STU_1190,9.3,96.6,9,7,5.2,Yes,8.8,3.9,4,8,5,84.0,High
STU_1191,5.9,80.8,5,8,7.0,No,8.6,2.0,7,6,4,50.9,Moderate
STU_1192,10.0,90.9,6,4,5.2,Yes,5.1,4.4,5,6,6,52.5,Moderate
STU_1193,8.5,94.2,5,5,8.5,Yes,6.2,3.5,4,6,9,49.8,Moderate
STU_1194,5.3,77.4,1,6,6.5,No,8.3,5.8,6,1,4,34.7,Low
STU_1195,5.0,66.7,3,5,5.8,No,5.1,6.0,2,3,3,46.7,Moderate
STU_1196,5.9,81.8,7,7,8.3,Yes,6.2,1.8,5,5,4,43.7,Moderate
STU_1197,7.9,100.0,1,6,7.7,No,7.1,4.0,6,7,2,23.4,Low
STU_1198,6.2,69.2,5,7,8.1,Yes,1.6,6.9,2,4,6,46.7,Moderate
STU_1199,5.5,88.7,8,7,5.3,No,6.0,7.5,7,8,7,78.5,High
STU_1200,7.8,100.0,3,7,5.1,Yes,8.8,2.7,5,4,6,53.3,Moderate
STU_1201,5.7,67.8,4,5,6.6,No,7.1,3.9,3,5,2,40.9,Low
STU_1202,4.6,97.0,4,4,7.4,Yes,7.6,2.9,6,3,5,20.8,Low
STU_1203,4.6,82.5,2,4,8.6,No,8.9,4.5,4,1,8,49.4,Moderate
STU_1204,7.7,94.8,4,7,8.0,No,7.5,4.5,7,3,8,47.5,Moderate
STU_1205,9.4,65.8,8,8,6.0,No,5.6,1.6,3,6,4,67.5,Moderate
STU_1206,6.7,92.1,7,4,3.5,Yes,9.9,3.7,6,4,3,55.7,Moderate
STU_1207,6.5,81.9,3,1,6.4,No,3.5,3.5,1,2,3,18.9,Low
STU_1208,9.6,82.4,5,7,8.6,No,6.0,4.3,2,5,8,70.3,High
STU_1209,6.2,70.7,5,2,7.1,Yes,4.3,4.3,4,4,6,32.5,Low
STU_1210,6.7,88.9,3,6,6.8,No,4.3,4.7,5,3,4,20.0,Low
STU_1211,8.2,72.2,7,3,8.1,No,5.5,0.9,6,2,3,16.3,Low
STU_1212,8.4,92.7,8,3,6.8,Yes,9.6,2.5,6,3,4,48.2,Moderate
STU_1213,5.7,83.1,1,3,6.7,Yes,6.7,0.7,4,3,4,10.0,Low
STU_1214,4.2,83.6,4,7,8.8,Yes,6.2,4.3,7,3,7,34.2,Low
STU_1215,8.4,89.3,6,6,4.1,No,5.0,0.8,5,7,7,61.8,Moderate
STU_1216,5.8,89.8,6,2,7.3,No,6.3,2.0,2,1,4,33.4,Low
STU_1217,6.9,82.2,4,5,6.5,No,5.7,3.9,1,4,4,54.0,Moderate
STU_1218,10.6,99.1,7,3,6.1,Yes,6.2,1.6,4,1,4,33.2,Low
STU_1219,7.1,68.3,4,7,7.3,No,8.4,2.8,3,4,7,69.8,High
STU_1220,5.5,86.5,3,5,6.1,No,8.4,4.2,8,5,6,41.6,Low
STU_1221,6.5,93.0,3,7,4.8,No,5.9,2.7,4,5,6,55.2,Moderate
STU_1222,8.1,75.9,3,7,4.3,No,9.4,4.5,5,4,5,70.3,High
STU_1223,7.9,69.9,2,3,8.2,Yes,6.5,7.2,3,5,5,35.8,Low
STU_1224,7.1,90.6,6,6,5.8,Yes,6.0,3.8,4,3,5,46.7,Moderate
STU_1225,8.5,77.5,7,4,4.8,Yes,8.7,5.0,6,5,5,59.1,Moderate
STU_1226,4.1,79.9,6,2,5.6,Yes,5.2,4.3,5,7,4,32.9,Low
STU_1227,6.2,67.5,5,7,6.5,Yes,5.3,4.4,4,6,4,46.2,Moderate
STU_1228,8.9,83.2,1,7,6.7,No,5.3,2.5,4,3,9,45.2,Moderate
STU_1229,7.2,82.7,3,6,6.2,Yes,7.9,4.6,3,7,3,51.5,Moderate
STU_1230,4.8,68.7,4,7,9.7,No,8.5,3.5,5,4,4,41.5,Low
STU_1231,6.3,78.2,5,4,7.2,Yes,5.5,2.0,8,4,6,18.9,Low
STU_1232,4.8,83.2,6,6,6.7,Yes,2.9,3.4,6,2,4,16.7,Low
STU_1233,4.4,72.6,5,6,5.5,No,7.2,6.1,2,4,1,60.9,Moderate
STU_1234,5.3,61.8,4,4,7.5,Yes,4.1,3.8,1,3,5,37.2,Low
STU_1235,7.8,100.0,5,5,8.2,No,8.5,5.3,7,6,4,36.8,Low
STU_1236,7.9,79.3,3,4,9.9,No,5.9,2.2,8,5,5,10.9,Low
STU_1237,6.8,75.8,6,6,7.0,Yes,6.7,4.0,3,3,4,46.5,Moderate
STU_1238,7.7,90.4,2,5,5.1,No,5.4,0.5,3,3,7,43.6,Moderate
STU_1239,5.5,92.7,8,8,5.5,No,2.3,2.2,5,4,1,26.6,Low
STU_1240,4.2,74.7,6,3,7.2,Yes,9.3,4.5,6,5,5,46.8,Moderate
STU_1241,7.6,84.1,7,5,6.8,Yes,8.2,6.6,7,6,5,51.7,Moderate
STU_1242,6.9,81.8,4,6,7.2,Yes,3.8,6.1,4,4,3,25.0,Low
STU_1243,7.6,71.7,1,3,3.7,Yes,2.0,2.8,9,6,6,10.0,Low
STU_1244,5.4,100.0,4,4,7.2,Yes,9.1,2.4,3,4,5,50.2,Moderate
STU_1245,5.8,77.9,6,6,6.3,Yes,5.8,0.5,5,4,4,34.7,Low
STU_1246,8.8,99.4,3,4,6.7,Yes,3.9,5.0,1,2,2,20.7,Low
STU_1247,7.8,59.4,2,2,5.0,Yes,3.4,2.6,2,5,4,22.7,Low
STU_1248,6.4,85.3,2,3,5.1,No,4.6,3.3,6,1,1,10.0,Low
STU_1249,9.3,58.7,5,4,7.7,No,3.0,4.3,2,2,6,40.4,Low
STU_1250,6.4,80.1,4,4,6.1,Yes,4.1,4.2,7,3,5,18.1,Low
STU_1251,1.1,67.3,5,8,5.5,Yes,9.0,1.8,2,2,4,66.2,Moderate
STU_1252,6.4,86.1,3,7,6.4,No,3.1,0.5,7,3,4,10.0,Low
STU_1253,7.6,62.2,2,7,5.7,Yes,5.9,5.5,6,3,4,27.2,Low
STU_1254,3.5,85.2,7,5,5.8,Yes,8.8,2.0,6,3,2,44.6,Moderate
STU_1255,9.0,97.8,5,3,7.4,Yes,8.5,4.5,4,8,2,40.2,Low
STU_1256,5.6,82.0,4,4,5.0,Yes,7.9,2.9,6,4,7,47.1,Moderate
STU_1257,6.7,86.7,5,8,7.5,No,2.7,5.3,4,7,6,56.2,Moderate
STU_1258,7.7,99.6,6,7,6.8,No,5.2,3.0,3,3,4,47.5,Moderate
STU_1259,6.3,73.6,4,5,5.0,No,6.3,5.1,8,3,5,29.6,Low
STU_1260,8.6,74.3,2,4,7.8,No,8.5,2.0,7,1,9,29.7,Low
STU_1261,2.7,70.9,8,6,9.4,Yes,6.9,3.5,9,5,7,42.1,Moderate
STU_1262,7.0,92.3,4,6,6.0,Yes,4.3,4.8,7,4,7,44.2,Moderate
STU_1263,8.8,72.1,6,6,5.7,No,7.2,5.8,1,4,7,78.0,High
STU_1264,5.1,76.5,5,1,7.3,Yes,5.2,5.8,5,3,4,17.2,Low
STU_1265,7.5,74.5,8,6,5.4,No,6.9,1.5,6,5,3,43.7,Moderate
STU_1266,5.6,98.3,3,3,6.4,Yes,9.7,5.2,2,1,7,51.9,Moderate
STU_1267,6.9,77.1,5,7,7.2,Yes,6.0,3.6,3,4,2,39.4,Low
STU_1268,8.4,93.3,1,1,5.7,Yes,7.6,6.0,5,5,5,31.6,Low
STU_1269,6.9,81.4,5,2,6.1,Yes,4.0,5.6,5,4,3,19.7,Low
STU_1270,6.0,64.7,6,7,8.2,No,8.8,3.8,8,6,6,61.7,Moderate
STU_1271,6.0,88.2,8,5,6.3,No,5.9,7.6,5,4,3,52.5,Moderate
STU_1272,7.1,65.6,1,7,7.1,No,4.3,4.9,5,4,2,15.3,Low
STU_1273,6.3,94.6,3,4,6.2,No,6.1,4.1,5,4,5,28.5,Low
STU_1274,4.7,74.1,2,8,6.1,Yes,4.5,3.7,8,8,3,27.1,Low
STU_1275,4.0,80.7,4,4,4.8,Yes,7.0,5.1,1,4,3,51.7,Moderate
STU_1276,7.4,91.6,3,4,6.9,Yes,5.9,3.5,4,3,6,21.6,Low
STU_1277,8.8,88.6,7,5,5.1,No,5.8,1.3,2,1,5,58.2,Moderate
STU_1278,9.3,75.3,7,2,6.5,Yes,3.1,3.3,8,5,3,10.0,Low
STU_1279,4.6,95.6,7,3,7.9,No,3.6,3.6,3,4,5,33.3,Low
STU_1280,5.5,88.0,4,5,3.9,No,7.3,5.6,3,5,7,80.2,High
STU_1281,5.6,77.0,5,9,5.5,Yes,3.1,4.5,1,5,9,72.1,High
STU_1282,5.4,77.0,4,4,7.0,Yes,7.4,3.3,5,1,6,32.3,Low
STU_1283,8.2,78.0,6,5,7.3,Yes,5.7,2.6,7,4,4,29.4,Low
STU_1284,3.2,96.8,6,5,6.6,Yes,1.5,3.3,7,4,6,15.8,Low
STU_1285,3.8,83.4,5,4,7.0,No,9.0,2.9,3,1,3,45.4,Moderate
STU_1286,7.8,78.3,5,2,6.1,Yes,6.1,4.2,6,3,4,24.7,Low
STU_1287,5.0,85.1,4,6,6.2,Yes,4.2,4.5,3,6,3,37.4,Low
STU_1288,8.4,84.2,4,7,6.1,Yes,5.2,1.6,9,8,5,26.7,Low
STU_1289,5.3,92.5,1,2,7.7,Yes,8.1,6.2,6,6,6,26.2,Low
STU_1290,7.4,90.2,2,6,5.5,No,7.4,4.9,6,1,4,31.8,Low
STU_1291,5.1,100.0,1,5,5.1,No,6.9,4.7,7,4,6,32.3,Low
STU_1292,3.8,71.4,4,1,4.6,Yes,4.8,6.1,4,4,8,52.3,Moderate
STU_1293,10.5,65.2,5,3,6.1,Yes,7.2,4.2,5,5,3,36.7,Low
STU_1294,9.1,85.4,9,8,8.4,Yes,8.0,1.3,6,4,7,62.7,Moderate
STU_1295,7.7,83.7,3,3,6.6,No,7.1,5.0,3,3,6,49.9,Moderate
STU_1296,6.4,58.6,5,6,6.3,No,4.7,2.5,8,4,5,30.7,Low
STU_1297,5.1,92.8,4,4,5.8,Yes,7.3,0.9,4,6,7,51.8,Moderate
STU_1298,3.8,83.6,5,5,7.1,Yes,8.0,3.9,7,6,6,45.0,Moderate
STU_1299,6.5,91.4,6,8,6.1,No,6.3,1.9,5,6,6,64.1,Moderate
STU_1300,2.7,71.5,5,5,5.2,Yes,4.2,4.0,8,1,3,15.0,Low
STU_1301,3.4,80.6,3,3,7.7,Yes,4.6,2.2,7,5,7,17.1,Low
STU_1302,7.9,98.9,6,6,8.6,Yes,8.9,2.8,9,3,6,29.5,Low
STU_1303,7.6,95.9,2,4,6.2,Yes,1.9,3.5,1,3,2,10.0,Low
STU_1304,5.5,73.6,4,6,8.0,Yes,6.3,5.9,6,4,3,26.0,Low
STU_1305,4.7,88.9,2,2,7.1,Yes,5.2,2.9,9,3,4,10.0,Low
STU_1306,9.8,84.6,2,5,5.6,No,8.1,1.0,4,5,5,46.7,Moderate
STU_1307,7.8,85.1,6,4,4.9,No,5.8,0.5,5,3,7,40.4,Low
STU_1308,5.1,82.3,6,6,4.4,No,6.8,2.2,6,1,4,42.4,Moderate
STU_1309,7.6,75.7,2,4,8.9,Yes,4.6,1.7,5,4,6,11.1,Low
STU_1310,3.7,72.0,6,6,8.1,No,9.9,4.9,5,1,5,54.9,Moderate
STU_1311,6.2,92.0,7,4,7.4,Yes,2.4,4.3,5,5,4,23.0,Low
STU_1312,9.3,100.0,2,6,6.5,Yes,6.8,1.3,3,4,6,40.0,Low
STU_1313,3.9,84.4,4,4,5.7,No,5.3,2.2,6,5,7,46.8,Moderate
STU_1314,9.1,84.3,5,6,7.0,No,8.6,5.4,4,2,2,46.7,Moderate
STU_1315,8.8,87.4,4,4,7.4,No,7.6,4.1,6,4,3,26.6,Low
STU_1316,3.9,100.0,3,6,6.0,Yes,6.1,3.4,3,4,3,37.4,Low
STU_1317,5.4,70.8,7,2,6.5,Yes,5.2,3.7,6,4,8,40.0,Low
STU_1318,4.2,88.9,6,8,6.5,Yes,7.2,4.9,8,7,2,37.0,Low
STU_1319,3.3,100.0,4,1,8.4,Yes,7.6,4.2,4,3,2,13.8,Low
STU_1320,8.5,79.8,5,9,8.4,No,5.8,5.5,4,6,4,58.3,Moderate
STU_1321,7.6,78.2,9,6,8.1,No,3.8,7.5,5,3,6,55.6,Moderate
STU_1322,7.6,77.8,5,4,6.1,Yes,8.4,3.4,5,4,5,48.6,Moderate
STU_1323,6.0,99.1,6,4,6.2,Yes,10.4,2.9,2,5,8,80.1,High
STU_1324,7.8,93.8,6,7,5.7,Yes,8.8,2.6,2,8,4,77.4,High
STU_1325,4.0,88.3,6,5,5.7,No,6.8,3.0,5,5,3,43.0,Moderate
STU_1326,6.9,62.7,3,6,4.9,No,10.8,4.4,6,2,6,66.7,Moderate
STU_1327,6.6,76.8,6,7,4.9,Yes,5.5,3.0,3,5,5,60.1,Moderate
STU_1328,1.7,78.2,2,5,6.8,Yes,6.3,5.6,5,5,9,52.3,Moderate
STU_1329,5.1,93.3,4,7,6.7,Yes,5.0,5.8,5,6,7,47.6,Moderate
STU_1330,6.2,70.6,5,5,6.7,No,7.6,3.8,3,1,5,55.7,Moderate
STU_1331,8.3,57.8,3,6,5.2,Yes,7.0,5.7,6,1,4,34.7,Low
STU_1332,4.6,100.0,6,3,7.2,No,4.8,5.7,5,1,7,36.2,Low
STU_1333,6.0,76.6,4,5,5.4,Yes,3.9,4.4,5,4,1,19.2,Low
STU_1334,4.5,81.9,5,5,10.0,No,6.3,3.3,3,3,5,34.1,Low
STU_1335,8.1,62.5,6,4,3.5,Yes,2.3,3.2,4,2,3,29.0,Low
STU_1336,4.9,72.6,4,3,7.1,No,6.6,5.1,7,5,5,33.8,Low
STU_1337,7.2,91.4,6,8,8.3,Yes,5.6,0.7,3,7,5,56.8,Moderate
STU_1338,6.8,88.1,4,1,8.0,Yes,8.5,4.1,1,4,4,38.8,Low
STU_1339,7.0,84.1,6,7,8.7,Yes,6.8,6.9,8,9,3,40.6,Low
STU_1340,5.2,74.0,1,3,5.6,Yes,6.6,2.1,6,5,9,34.8,Low
STU_1341,6.2,67.2,1,1,7.8,Yes,5.1,6.3,1,8,3,26.6,Low
STU_1342,7.4,82.6,2,6,5.6,Yes,8.7,2.9,3,5,4,50.7,Moderate
STU_1343,8.0,100.0,4,6,4.9,No,6.6,5.5,2,4,5,62.4,Moderate
STU_1344,6.1,79.0,4,7,8.7,Yes,3.1,2.3,3,3,6,28.0,Low
STU_1345,6.2,70.2,7,4,7.5,No,3.7,5.2,6,4,3,27.3,Low
STU_1346,3.4,72.0,5,9,7.2,Yes,7.0,5.0,7,3,3,37.2,Low
STU_1347,5.9,86.0,7,4,7.6,Yes,3.8,4.8,8,8,2,14.0,Low
STU_1348,5.1,72.9,3,5,7.4,Yes,8.5,4.1,5,5,7,51.2,Moderate
STU_1349,7.3,86.0,6,5,6.6,No,2.3,3.0,5,2,5,24.8,Low
STU_1350,5.3,67.5,4,2,6.4,Yes,7.3,4.7,1,5,5,49.9,Moderate
STU_1351,4.8,76.2,4,4,6.1,Yes,7.6,1.5,3,4,3,37.1,Low
STU_1352,4.1,99.2,1,7,4.9,No,7.0,6.3,6,3,5,40.9,Low
STU_1353,6.4,97.3,6,6,6.5,No,5.8,4.9,4,4,6,57.8,Moderate
STU_1354,7.1,80.7,5,6,7.4,No,4.3,3.1,8,6,1,11.7,Low
STU_1355,6.5,61.4,6,6,4.3,Yes,5.4,0.5,4,4,1,31.6,Low
STU_1356,7.0,86.0,5,5,8.0,Yes,7.1,0.8,2,1,1,15.4,Low
STU_1357,4.1,77.3,1,4,6.4,No,11.9,2.5,4,6,4,51.0,Moderate
STU_1358,10.0,91.2,5,5,7.5,Yes,8.4,5.2,4,2,8,59.8,Moderate
STU_1359,4.8,83.6,4,3,6.0,No,4.4,5.9,6,8,6,34.6,Low
STU_1360,5.8,84.9,3,4,7.6,Yes,8.0,5.2,5,6,7,48.7,Moderate
STU_1361,8.8,86.9,4,4,7.5,Yes,8.1,4.4,7,3,6,35.1,Low
STU_1362,4.1,81.1,2,3,7.0,No,6.6,2.6,9,5,4,10.0,Low
STU_1363,4.5,97.2,2,9,4.4,No,4.6,3.3,6,5,1,27.8,Low
STU_1364,6.7,89.2,3,6,3.9,Yes,7.0,3.0,2,6,7,71.7,High
STU_1365,5.3,96.2,5,6,5.7,No,3.2,4.2,6,3,9,46.8,Moderate
STU_1366,4.7,95.6,2,3,6.6,Yes,4.6,2.8,6,5,4,10.0,Low
STU_1367,3.1,100.0,1,5,4.9,No,5.7,6.3,6,5,5,29.3,Low
STU_1368,6.8,67.0,6,6,6.4,Yes,7.5,5.7,7,4,5,48.8,Moderate
STU_1369,7.1,69.6,7,5,6.3,Yes,7.5,6.1,6,5,4,50.2,Moderate
STU_1370,6.3,82.8,2,5,7.6,Yes,3.6,5.6,7,5,8,22.3,Low
STU_1371,5.5,88.9,3,5,7.6,Yes,8.1,0.5,5,2,7,34.1,Low
STU_1372,6.3,76.3,3,4,7.6,Yes,5.6,4.6,6,8,8,47.1,Moderate
STU_1373,8.1,97.6,1,6,4.8,Yes,3.9,2.9,2,5,4,26.0,Low
STU_1374,7.7,82.8,3,4,8.2,Yes,5.7,3.8,7,3,4,10.0,Low
STU_1375,8.3,88.0,4,2,8.7,Yes,7.7,2.9,6,6,5,21.8,Low
STU_1376,6.1,65.5,2,5,8.5,Yes,8.0,5.6,5,8,5,43.4,Moderate
STU_1377,8.8,63.4,5,2,4.3,No,5.9,2.5,5,8,3,41.0,Low
STU_1378,7.4,81.3,9,6,6.1,No,6.9,2.8,3,4,7,81.9,High
STU_1379,7.1,100.0,4,5,5.5,Yes,3.0,3.2,4,4,4,18.4,Low
STU_1380,7.1,69.0,1,5,4.1,Yes,3.7,4.8,4,4,7,35.9,Low
STU_1381,11.8,96.2,3,7,7.4,No,8.0,3.0,5,4,5,48.8,Moderate
STU_1382,8.1,65.8,3,4,7.1,No,9.5,2.1,3,2,5,50.7,Moderate
STU_1383,5.7,79.7,9,4,5.6,No,4.1,5.4,1,1,2,45.9,Moderate
STU_1384,6.3,97.0,5,6,6.0,No,6.3,3.5,6,9,8,66.0,Moderate
STU_1385,5.1,90.4,8,8,4.6,Yes,6.1,1.1,4,3,5,63.1,Moderate
STU_1386,6.6,78.7,6,5,5.4,Yes,6.4,5.8,8,3,4,32.1,Low
STU_1387,5.9,81.8,2,5,6.4,Yes,2.1,4.3,7,6,3,10.0,Low
STU_1388,3.7,89.8,5,5,6.2,Yes,5.1,4.4,2,7,9,67.6,Moderate
STU_1389,4.9,75.2,5,5,5.9,Yes,4.1,3.0,3,5,5,38.0,Low
STU_1390,3.3,80.4,5,8,7.7,Yes,6.5,5.1,6,2,7,50.9,Moderate
STU_1391,8.6,74.5,5,3,6.2,Yes,6.1,3.9,3,3,4,39.7,Low
STU_1392,8.2,66.7,3,6,7.9,Yes,3.6,3.5,3,4,4,24.3,Low
STU_1393,3.8,78.7,2,2,6.7,Yes,6.4,2.4,6,6,3,10.3,Low
STU_1394,6.3,76.8,4,6,6.2,Yes,6.4,2.3,7,2,1,10.0,Low
STU_1395,6.6,83.9,7,5,9.5,Yes,6.4,3.2,6,6,6,37.8,Low
STU_1396,7.8,94.9,4,2,6.9,Yes,7.3,4.8,2,2,7,48.2,Moderate
STU_1397,7.7,68.9,4,8,3.8,No,3.5,4.2,6,6,4,44.1,Moderate
STU_1398,5.5,91.3,1,6,5.9,Yes,6.1,4.6,6,3,4,24.0,Low
STU_1399,7.3,72.9,5,4,6.8,Yes,5.2,1.8,8,4,4,12.2,Low
STU_1400,5.9,60.0,7,7,5.6,Yes,4.8,4.1,8,7,3,40.7,Low
STU_1401,7.7,95.1,3,8,6.4,No,6.0,0.5,4,5,4,38.3,Low
STU_1402,3.8,82.4,6,3,7.0,Yes,9.5,2.5,3,6,6,63.9,Moderate
STU_1403,3.9,74.9,5,5,3.5,Yes,3.6,5.7,2,7,7,72.6,High
STU_1404,7.1,100.0,7,5,5.5,Yes,6.4,3.3,4,4,5,51.6,Moderate
STU_1405,5.1,86.4,9,5,6.3,Yes,9.5,5.4,6,5,2,54.9,Moderate
STU_1406,7.8,84.5,3,3,5.8,Yes,2.4,2.4,4,5,4,20.7,Low
STU_1407,6.7,69.7,4,1,6.8,No,3.8,0.9,6,5,4,11.7,Low
STU_1408,4.8,90.4,5,7,6.7,Yes,5.1,3.1,6,7,3,41.3,Low
STU_1409,7.1,63.1,2,6,7.1,Yes,5.1,4.9,7,3,6,22.8,Low
STU_1410,6.4,74.9,5,1,5.2,Yes,10.0,1.5,2,4,6,59.8,Moderate
STU_1411,7.1,100.0,5,2,7.2,No,4.5,5.2,6,2,5,15.8,Low
STU_1412,7.1,71.4,7,4,7.4,No,6.6,4.8,6,2,3,32.2,Low
STU_1413,6.6,76.3,1,5,6.2,Yes,3.1,4.4,4,5,5,23.2,Low
STU_1414,2.3,100.0,8,7,6.5,No,9.2,2.9,8,6,5,61.8,Moderate
STU_1415,6.1,70.7,5,9,8.2,No,4.9,3.8,5,5,5,46.2,Moderate
STU_1416,7.1,86.2,2,5,6.1,No,2.9,5.2,6,4,6,24.3,Low
STU_1417,6.3,74.5,8,1,5.3,No,3.6,2.3,3,6,5,49.9,Moderate
STU_1418,5.9,83.8,1,6,5.2,Yes,9.2,2.7,3,3,6,54.1,Moderate
STU_1419,6.5,77.6,6,5,8.1,Yes,5.4,3.8,5,4,2,25.7,Low
STU_1420,6.5,100.0,3,3,7.1,Yes,6.2,3.2,2,4,9,43.7,Moderate
STU_1421,8.1,81.4,1,2,7.6,Yes,5.7,3.9,7,3,4,10.0,Low
STU_1422,7.0,100.0,6,3,5.7,Yes,4.4,4.8,8,3,7,26.0,Low
STU_1423,6.1,68.6,7,6,6.5,No,8.6,2.7,2,7,4,76.5,High
STU_1424,5.9,55.1,2,4,7.1,No,4.2,3.9,6,4,4,17.9,Low
STU_1425,4.2,65.3,6,6,5.7,Yes,7.3,4.1,6,3,4,48.4,Moderate
STU_1426,6.9,99.7,3,7,8.3,No,6.7,3.3,5,4,9,53.2,Moderate
STU_1427,4.1,90.5,4,5,6.5,Yes,3.6,2.6,5,7,8,43.1,Moderate
STU_1428,7.4,83.2,6,6,5.9,Yes,10.8,2.8,2,5,7,88.0,High
STU_1429,8.5,80.5,7,2,7.9,Yes,7.7,2.9,6,9,6,47.9,Moderate
STU_1430,9.2,97.8,2,6,5.9,No,5.4,3.7,3,5,7,52.0,Moderate
STU_1431,8.5,82.1,6,6,7.5,Yes,9.0,4.5,7,5,4,47.1,Moderate
STU_1432,3.7,87.3,6,8,5.2,Yes,9.0,2.4,4,2,2,55.7,Moderate
STU_1433,5.3,81.8,3,7,7.9,No,7.6,3.8,2,1,5,53.6,Moderate
STU_1434,7.8,85.7,5,7,6.3,No,2.5,3.2,4,4,3,28.9,Low
STU_1435,8.5,77.0,1,3,6.7,Yes,4.6,3.6,6,6,6,19.1,Low
STU_1436,9.1,84.1,5,2,5.8,Yes,3.4,1.6,5,7,6,29.1,Low
STU_1437,6.1,95.7,4,6,7.9,Yes,8.8,5.1,6,6,4,39.7,Low
STU_1438,5.8,88.2,5,5,6.2,No,6.4,4.3,8,3,5,33.1,Low
STU_1439,6.1,68.2,5,4,7.1,Yes,5.1,6.5,6,5,5,33.9,Low
STU_1440,7.0,81.8,6,3,4.2,No,6.6,2.7,6,3,2,36.6,Low
STU_1441,8.3,90.4,5,6,7.2,Yes,6.4,0.9,7,3,2,10.0,Low
STU_1442,6.8,63.5,2,7,8.2,Yes,8.9,5.7,5,8,5,49.0,Moderate
STU_1443,8.1,86.8,6,7,6.7,No,4.9,1.9,5,3,7,44.7,Moderate
STU_1444,9.0,96.2,1,2,6.9,Yes,3.8,5.5,6,4,3,10.0,Low
STU_1445,5.5,89.8,4,8,6.3,No,9.3,0.5,7,3,2,35.2,Low
STU_1446,7.7,80.6,5,4,5.4,Yes,7.1,4.5,8,8,6,47.9,Moderate
STU_1447,7.3,88.7,4,6,7.0,Yes,4.5,3.4,4,6,7,47.8,Moderate
STU_1448,4.4,96.2,4,1,6.6,Yes,3.7,2.0,6,4,5,10.0,Low
STU_1449,6.8,77.4,2,3,6.3,No,7.6,3.9,6,9,3,42.3,Moderate
STU_1450,4.9,86.4,6,7,7.0,No,6.1,4.9,6,1,5,43.6,Moderate
STU_1451,8.3,61.9,2,5,4.9,No,8.6,1.3,6,7,3,41.9,Low
STU_1452,8.1,66.7,5,8,5.0,No,6.8,0.5,2,1,4,61.4,Moderate
STU_1453,5.1,91.8,6,3,8.0,Yes,5.0,4.4,5,5,6,34.7,Low
STU_1454,7.3,71.8,6,7,5.5,Yes,10.5,2.4,5,5,3,69.1,High
STU_1455,5.2,76.0,7,4,4.4,No,8.6,4.5,4,1,6,71.2,High
STU_1456,7.8,74.8,1,5,7.7,Yes,4.6,9.0,8,4,3,10.0,Low
STU_1457,9.9,64.8,5,3,5.9,Yes,7.8,5.7,6,5,8,59.3,Moderate
STU_1458,11.0,81.0,4,2,6.0,No,9.8,2.7,6,4,6,48.1,Moderate
STU_1459,5.7,80.4,6,4,7.1,Yes,7.9,3.2,9,1,6,25.6,Low
STU_1460,5.2,91.7,2,5,6.0,Yes,5.4,3.1,3,2,7,37.1,Low
STU_1461,7.6,58.6,5,4,5.1,Yes,7.0,2.7,6,5,7,58.1,Moderate
STU_1462,9.1,79.7,4,5,4.4,Yes,8.1,0.5,9,6,3,29.6,Low
STU_1463,6.2,78.9,6,5,6.9,No,5.2,3.3,7,2,1,13.3,Low
STU_1464,6.8,72.1,9,5,5.8,Yes,6.4,1.8,4,4,9,74.4,High
STU_1465,6.9,89.6,3,4,7.7,No,9.2,3.4,2,6,8,72.6,High
STU_1466,4.0,71.4,7,7,6.1,Yes,5.4,2.9,5,6,3,42.6,Moderate
STU_1467,3.9,88.6,5,7,6.3,No,6.1,1.4,6,7,2,36.3,Low
STU_1468,5.2,83.9,7,1,6.2,Yes,6.8,4.1,6,4,6,41.8,Low
STU_1469,6.7,76.1,3,5,7.2,No,4.6,2.9,5,7,6,46.9,Moderate
STU_1470,5.0,87.3,9,4,4.7,No,9.7,5.5,3,1,2,69.9,High
STU_1471,6.2,100.0,5,3,5.4,No,9.3,4.9,9,5,8,56.5,Moderate
STU_1472,10.1,94.5,3,3,4.8,No,8.1,3.8,9,4,2,12.1,Low
STU_1473,5.1,66.3,5,4,7.7,No,5.6,4.8,2,6,5,50.5,Moderate
STU_1474,3.3,83.2,9,6,5.0,Yes,9.0,4.7,3,4,4,75.7,High
STU_1475,7.5,87.4,3,5,8.4,Yes,2.2,3.0,4,7,5,17.8,Low
STU_1476,8.2,78.6,5,6,4.5,No,7.3,2.2,5,5,4,48.6,Moderate
STU_1477,8.0,84.9,1,4,8.2,No,5.0,1.5,6,7,6,20.2,Low
STU_1478,5.7,80.0,5,6,6.2,Yes,5.0,3.2,4,7,4,46.3,Moderate
STU_1479,6.4,82.1,5,6,5.7,No,6.7,2.1,3,7,7,74.3,High
STU_1480,7.3,96.6,4,5,5.0,Yes,4.1,4.9,4,3,2,20.4,Low
STU_1481,6.7,89.0,2,5,7.9,Yes,7.6,5.4,7,4,4,24.6,Low
STU_1482,5.8,96.5,4,3,6.7,No,8.9,0.6,8,3,7,27.0,Low
STU_1483,6.2,87.5,7,7,6.0,Yes,7.4,2.5,2,4,4,65.5,Moderate
STU_1484,6.9,85.3,5,7,4.5,Yes,1.5,7.3,3,4,7,53.4,Moderate
STU_1485,6.5,81.4,2,6,5.5,Yes,7.3,2.3,6,2,4,31.6,Low
STU_1486,4.8,100.0,6,4,7.2,Yes,10.3,4.5,7,5,3,43.3,Moderate
STU_1487,6.0,82.6,4,1,4.7,Yes,5.0,3.1,5,3,3,16.5,Low
STU_1488,8.6,83.4,6,4,4.8,Yes,7.0,5.1,6,6,4,48.8,Moderate
STU_1489,4.9,100.0,6,3,8.0,Yes,4.7,2.5,4,1,8,26.0,Low
STU_1490,7.5,78.8,6,5,9.2,Yes,6.1,2.4,5,5,7,38.0,Low
STU_1491,3.2,98.8,2,3,6.5,Yes,9.5,3.5,7,5,9,45.2,Moderate
STU_1492,5.5,64.2,4,4,5.0,No,8.0,4.2,3,6,1,51.3,Moderate
STU_1493,9.2,80.7,1,4,3.9,No,5.6,3.8,6,9,5,39.0,Low
STU_1494,6.1,79.9,4,4,6.5,No,8.2,2.7,6,7,5,43.1,Moderate
STU_1495,4.1,84.7,5,4,6.4,No,6.8,2.6,6,6,4,33.8,Low
STU_1496,5.0,84.9,4,5,5.2,No,8.8,5.5,1,5,6,78.0,High
STU_1497,5.5,77.6,2,4,8.2,Yes,1.6,1.2,7,7,3,10.0,Low
STU_1498,6.0,75.5,6,5,7.6,No,7.5,4.4,3,4,6,61.2,Moderate
STU_1499,7.9,100.0,6,7,8.1,No,9.3,2.8,5,2,6,58.7,Moderate
STU_1500,6.7,67.0,5,2,6.3,Yes,3.1,5.6,5,4,6,16.9,Low
STU_1501,4.8,66.6,7,3,6.0,Yes,9.6,5.5,8,7,6,52.4,Moderate
STU_1502,6.8,90.6,5,7,6.4,Yes,7.6,4.2,6,1,6,44.1,Moderate
STU_1503,7.5,66.9,4,7,7.3,Yes,9.4,3.9,2,5,6,78.7,High
STU_1504,6.4,82.7,6,6,7.4,Yes,7.1,7.0,5,6,5,60.6,Moderate
STU_1505,9.0,89.6,3,3,3.5,No,7.5,4.3,4,2,5,46.2,Moderate
STU_1506,4.9,85.3,4,5,7.6,No,7.4,3.4,5,7,5,40.5,Low
STU_1507,6.7,84.6,4,9,6.5,Yes,5.6,0.5,6,6,1,26.4,Low
STU_1508,2.7,95.1,5,6,7.1,Yes,5.1,7.0,8,6,4,20.0,Low
STU_1509,6.3,100.0,1,6,8.7,Yes,9.0,3.3,3,4,6,42.1,Moderate
STU_1510,4.1,99.7,1,7,6.8,Yes,1.6,3.0,7,7,3,10.0,Low
STU_1511,7.0,78.9,6,7,7.0,Yes,3.6,1.8,7,4,6,23.5,Low
STU_1512,6.4,95.1,4,3,5.4,Yes,7.4,4.3,6,5,7,44.8,Moderate
STU_1513,7.0,81.3,3,1,4.2,Yes,5.0,7.2,6,5,5,31.4,Low
STU_1514,3.7,63.6,5,6,3.5,Yes,4.5,5.5,4,3,3,49.7,Moderate
STU_1515,6.1,56.5,5,6,7.7,Yes,10.3,3.8,3,3,4,68.1,High
STU_1516,7.0,85.5,5,6,8.2,Yes,5.9,7.1,1,8,7,70.7,High
STU_1517,8.7,82.1,6,9,6.0,Yes,8.4,5.7,5,2,4,59.0,Moderate
STU_1518,5.7,81.7,5,7,8.6,Yes,4.4,5.1,3,7,6,50.2,Moderate
STU_1519,5.6,69.2,1,2,4.9,No,8.0,5.8,4,4,6,50.4,Moderate
STU_1520,10.2,60.9,5,6,7.4,No,2.4,5.4,5,5,5,34.4,Low
STU_1521,5.2,69.1,6,4,6.3,Yes,7.0,6.4,4,5,6,58.2,Moderate
STU_1522,9.3,78.3,3,3,7.0,Yes,7.4,5.2,6,2,2,10.0,Low
STU_1523,8.2,85.1,4,6,4.5,Yes,5.9,4.7,6,7,7,56.7,Moderate
STU_1524,6.0,79.9,7,7,4.8,No,6.6,3.2,6,4,6,58.8,Moderate
STU_1525,5.5,89.2,2,1,6.0,Yes,3.7,1.9,4,6,5,17.3,Low
STU_1526,6.7,90.2,6,4,6.2,No,5.8,4.6,5,4,5,41.7,Low
STU_1527,10.1,70.3,2,5,4.0,Yes,6.7,4.5,1,3,3,53.2,Moderate
STU_1528,4.3,82.9,4,4,6.7,No,7.4,5.8,5,2,5,41.7,Low
STU_1529,7.1,91.4,6,6,5.2,Yes,4.5,5.8,7,9,3,34.3,Low
STU_1530,5.0,85.5,4,6,5.3,Yes,3.8,5.0,7,4,4,21.3,Low
STU_1531,8.0,97.7,6,7,8.9,No,7.7,6.2,5,5,5,63.8,Moderate
STU_1532,6.6,81.8,2,6,7.6,Yes,9.2,3.9,4,6,5,53.7,Moderate
STU_1533,6.8,100.0,7,4,7.1,Yes,8.1,5.1,8,5,4,30.4,Low
STU_1534,7.2,61.7,6,5,3.5,Yes,7.4,5.6,8,2,1,32.2,Low
STU_1535,4.8,60.0,6,9,4.6,Yes,8.1,1.6,2,9,4,89.1,High
STU_1536,3.4,87.9,6,5,8.0,Yes,10.6,6.5,6,7,5,60.2,Moderate
STU_1537,6.9,98.2,7,6,3.5,No,5.9,4.8,8,4,4,41.3,Low
STU_1538,6.9,84.6,1,9,6.8,Yes,3.9,5.3,3,6,3,37.7,Low
STU_1539,10.4,83.0,4,5,5.8,Yes,4.8,2.5,3,3,5,32.0,Low
STU_1540,7.0,100.0,8,2,7.6,Yes,4.5,3.5,4,3,2,10.0,Low
STU_1541,6.9,75.8,3,6,7.7,No,5.6,5.3,9,4,4,15.4,Low
STU_1542,7.6,70.0,3,6,5.9,No,3.7,2.4,5,4,3,24.0,Low
STU_1543,8.8,100.0,6,5,4.2,No,6.8,0.5,1,6,6,71.4,High
STU_1544,5.1,67.9,4,4,5.8,Yes,6.1,5.3,3,3,4,42.4,Moderate
STU_1545,3.3,80.8,6,1,7.5,No,7.7,0.5,6,3,6,23.7,Low
STU_1546,4.9,91.2,6,5,4.8,No,4.7,6.4,6,7,6,50.3,Moderate
STU_1547,6.0,88.5,8,1,6.8,Yes,7.2,2.7,6,4,4,30.3,Low
STU_1548,5.5,73.1,4,2,6.1,No,8.2,2.3,6,7,7,50.8,Moderate
STU_1549,5.4,69.0,5,8,4.0,Yes,6.9,5.0,6,6,5,70.6,High
STU_1550,10.2,88.4,1,6,6.7,Yes,5.5,1.1,3,6,7,36.3,Low
STU_1551,6.3,80.2,6,5,6.0,Yes,8.8,4.4,7,1,4,41.9,Low
STU_1552,6.4,69.1,4,2,6.7,No,7.9,5.0,3,6,6,58.3,Moderate
STU_1553,6.5,69.3,5,4,6.7,No,10.9,4.6,5,4,4,53.9,Moderate
STU_1554,6.8,96.7,4,8,5.4,No,6.0,4.2,7,7,8,67.2,Moderate
STU_1555,5.0,73.7,3,5,5.7,Yes,6.8,4.7,7,4,6,33.1,Low
STU_1556,4.5,79.3,5,3,6.4,No,3.1,3.2,4,7,3,25.0,Low
STU_1557,9.3,94.7,5,6,8.8,Yes,6.4,3.2,8,5,6,29.6,Low
STU_1558,3.1,100.0,6,3,7.6,Yes,6.9,3.5,5,2,7,33.5,Low
STU_1559,5.2,72.1,6,8,4.8,No,5.6,3.0,6,3,2,44.5,Moderate
STU_1560,8.6,75.8,7,3,8.1,No,1.5,6.3,4,6,5,33.6,Low
STU_1561,6.2,85.4,5,5,6.2,No,7.1,3.2,7,5,2,28.0,Low
STU_1562,7.3,68.4,5,5,4.3,No,6.8,2.1,4,6,6,61.5,Moderate
STU_1563,7.0,91.4,6,4,5.6,Yes,8.3,3.9,6,5,6,53.9,Moderate
STU_1564,3.8,83.1,7,9,4.6,No,8.5,4.2,4,4,5,84.2,High
STU_1565,7.1,68.8,4,5,7.0,No,4.2,4.7,5,3,5,29.2,Low
STU_1566,8.8,99.4,3,1,6.7,Yes,8.4,5.0,7,6,3,16.2,Low
STU_1567,7.9,71.7,4,3,5.8,Yes,7.1,3.3,5,4,6,36.7,Low
STU_1568,8.0,59.6,3,4,5.4,Yes,4.6,5.6,2,3,4,37.5,Low
STU_1569,4.3,78.9,2,5,5.5,Yes,5.9,3.6,4,4,2,19.8,Low
STU_1570,7.7,88.1,4,5,7.4,Yes,6.5,2.5,5,1,3,11.1,Low
STU_1571,4.8,75.6,1,3,7.6,No,2.3,3.4,3,1,4,10.0,Low
STU_1572,3.0,88.3,5,3,7.0,Yes,2.7,1.6,7,1,5,10.0,Low
STU_1573,4.0,77.7,6,4,6.6,No,6.4,2.6,4,9,4,56.6,Moderate
STU_1574,3.6,84.3,3,1,6.5,Yes,4.2,5.0,8,6,4,10.0,Low
STU_1575,3.5,81.7,5,4,7.2,Yes,7.0,1.8,5,4,9,43.0,Moderate
STU_1576,4.8,100.0,5,3,4.2,Yes,2.6,2.4,6,3,3,10.0,Low
STU_1577,8.6,100.0,7,4,6.8,No,9.8,4.5,3,1,5,62.0,Moderate
STU_1578,4.5,81.9,1,4,5.7,Yes,9.6,4.1,6,6,4,35.9,Low
STU_1579,8.6,78.2,8,1,5.7,No,9.0,5.7,7,5,5,47.8,Moderate
STU_1580,5.8,89.0,1,5,6.0,No,7.5,2.9,5,3,6,37.6,Low
STU_1581,5.5,62.0,3,5,4.0,No,8.9,3.1,3,2,3,55.4,Moderate
STU_1582,7.8,68.2,2,3,5.2,Yes,10.2,3.3,3,5,7,62.5,Moderate
STU_1583,6.6,99.4,7,2,6.5,No,8.6,1.9,8,6,6,37.3,Low
STU_1584,8.2,88.2,5,4,6.4,Yes,2.2,4.6,3,4,5,25.1,Low
STU_1585,10.5,82.8,4,7,5.7,No,7.3,3.3,3,5,5,67.6,Moderate
STU_1586,6.5,98.2,4,6,7.9,Yes,8.1,3.0,4,9,5,53.0,Moderate
STU_1587,5.4,68.8,8,9,7.1,No,6.3,0.5,7,4,5,49.8,Moderate
STU_1588,4.5,67.9,5,3,5.6,Yes,8.7,2.9,4,4,3,43.4,Moderate
STU_1589,6.7,55.2,6,3,6.4,No,6.0,1.1,5,4,7,45.0,Moderate
STU_1590,6.9,69.0,9,7,7.7,Yes,6.5,1.8,6,4,3,43.2,Moderate
STU_1591,6.8,80.4,8,4,10.0,Yes,4.7,3.9,1,6,2,37.1,Low
STU_1592,6.0,79.2,6,3,6.4,No,3.6,3.9,2,6,6,51.1,Moderate
STU_1593,6.7,94.2,5,3,6.7,Yes,5.4,2.0,3,8,8,55.1,Moderate
STU_1594,9.7,100.0,1,5,7.0,No,6.1,4.8,7,5,4,15.0,Low
STU_1595,9.1,63.4,2,3,5.5,No,8.0,3.8,4,7,6,53.1,Moderate
STU_1596,3.3,79.9,7,6,7.5,Yes,7.8,1.9,7,5,4,38.5,Low
STU_1597,5.8,77.0,5,2,4.7,Yes,6.8,1.2,6,8,4,33.4,Low
STU_1598,6.0,84.1,5,3,6.4,No,5.8,5.0,7,3,5,31.2,Low
STU_1599,9.1,96.1,6,5,5.4,Yes,7.7,4.2,7,6,6,51.2,Moderate
STU_1600,5.5,88.3,4,8,6.8,Yes,6.6,7.2,4,5,4,52.6,Moderate
STU_1601,8.8,77.9,7,5,6.1,No,5.9,3.9,7,6,1,35.9,Low
STU_1602,6.8,78.1,4,5,6.1,Yes,6.7,4.5,3,4,7,58.5,Moderate
STU_1603,8.5,70.4,3,5,8.8,No,6.8,6.2,3,4,1,31.1,Low
STU_1604,6.5,92.8,8,7,6.1,No,6.1,5.0,9,6,6,49.1,Moderate
STU_1605,5.7,100.0,6,4,7.6,No,8.6,3.2,6,2,3,33.6,Low
STU_1606,8.8,99.9,3,4,5.8,Yes,6.9,2.1,6,7,5,33.5,Low
STU_1607,5.4,73.3,8,8,5.9,Yes,6.4,4.9,2,9,6,98.0,High
STU_1608,9.8,87.3,3,4,6.2,No,8.4,5.1,9,8,1,20.1,Low
STU_1609,9.2,93.7,3,4,6.4,Yes,4.5,2.2,5,2,5,20.5,Low
STU_1610,3.0,79.1,4,1,7.5,Yes,4.5,3.8,5,5,5,11.2,Low
STU_1611,3.8,54.6,5,5,7.5,Yes,6.6,5.0,7,6,5,39.4,Low
STU_1612,3.5,100.0,3,6,6.1,Yes,6.1,3.0,6,6,5,37.1,Low
STU_1613,5.1,81.4,5,5,6.9,Yes,7.5,2.7,6,6,8,55.1,Moderate
STU_1614,6.5,91.9,7,1,6.6,No,10.7,4.1,6,5,5,55.0,Moderate
STU_1615,8.7,83.7,5,7,6.1,No,4.1,3.9,5,2,4,36.8,Low
STU_1616,1.0,86.4,5,5,6.1,Yes,7.4,2.5,5,2,5,36.7,Low
STU_1617,2.3,83.0,4,2,4.2,Yes,5.5,3.7,2,3,6,45.1,Moderate
STU_1618,5.0,100.0,4,9,5.5,Yes,4.6,4.0,5,5,8,54.4,Moderate
STU_1619,8.6,79.5,4,4,6.8,Yes,6.8,4.4,5,8,7,50.2,Moderate
STU_1620,8.9,71.2,4,5,7.9,Yes,8.0,3.5,6,4,4,38.2,Low
STU_1621,8.2,82.9,4,6,6.1,No,6.5,5.9,4,4,7,60.0,Moderate
STU_1622,3.1,75.8,5,6,6.5,No,8.7,2.1,6,2,4,42.6,Moderate
STU_1623,2.5,80.8,3,3,4.6,Yes,4.2,5.8,8,6,7,27.0,Low
STU_1624,6.5,81.2,6,6,7.1,Yes,5.3,3.0,3,9,6,73.4,High
STU_1625,8.0,83.1,5,6,6.8,Yes,1.5,2.8,7,3,1,10.0,Low
STU_1626,4.2,92.9,4,8,6.6,Yes,6.6,4.1,4,5,7,61.3,Moderate
STU_1627,7.3,82.7,2,4,6.1,Yes,6.3,3.8,4,6,5,35.2,Low
STU_1628,2.4,72.0,5,7,7.7,No,4.2,3.5,3,5,5,46.4,Moderate
STU_1629,8.0,58.8,7,3,5.6,Yes,9.3,3.5,6,6,6,70.3,High
STU_1630,6.2,75.1,8,8,6.7,No,8.7,3.9,5,2,6,80.0,High
STU_1631,5.5,82.4,5,8,5.1,No,7.4,5.6,9,5,1,39.3,Low
STU_1632,7.9,93.5,4,7,6.3,Yes,5.6,2.3,3,7,4,48.0,Moderate
STU_1633,10.0,100.0,7,4,3.5,Yes,8.8,0.9,6,4,7,54.4,Moderate
STU_1634,7.1,73.8,2,4,5.5,No,7.2,3.7,3,4,3,39.5,Low
STU_1635,7.3,89.0,7,2,6.0,No,7.9,3.7,3,5,5,64.7,Moderate
STU_1636,8.2,73.6,5,5,5.2,No,5.0,3.4,8,4,4,30.6,Low
STU_1637,7.8,63.4,7,7,5.5,Yes,6.3,2.0,5,7,5,63.2,Moderate
STU_1638,7.8,72.6,1,1,6.4,Yes,5.8,1.9,4,8,1,10.0,Low
STU_1639,3.5,95.5,8,5,8.1,No,1.5,5.5,8,3,7,22.3,Low
STU_1640,9.7,91.3,8,6,7.3,No,6.1,1.8,9,5,4,31.1,Low
STU_1641,6.0,57.8,1,9,6.5,Yes,6.9,5.2,6,6,2,36.5,Low
STU_1642,6.2,90.2,5,6,6.1,Yes,5.2,3.9,7,6,5,30.3,Low
STU_1643,3.9,85.6,2,7,7.8,No,8.0,6.2,4,7,4,48.8,Moderate
STU_1644,4.5,95.6,5,7,7.5,Yes,3.6,1.6,4,6,6,37.9,Low
STU_1645,7.0,94.4,5,7,6.3,Yes,5.8,1.6,4,6,3,41.4,Low
STU_1646,6.5,62.1,5,5,5.0,Yes,6.6,4.0,5,4,1,27.5,Low
STU_1647,8.6,100.0,3,1,3.5,No,2.9,3.0,5,5,6,23.6,Low
STU_1648,8.4,61.1,6,5,6.3,Yes,3.2,3.1,5,3,2,24.3,Low
STU_1649,6.2,82.0,3,3,5.8,No,9.8,6.7,1,6,8,85.4,High
STU_1650,6.8,98.3,4,5,4.8,Yes,6.0,6.2,9,5,4,21.8,Low
STU_1651,4.0,89.1,5,9,7.5,Yes,5.2,4.4,4,3,8,62.2,Moderate
STU_1652,3.3,87.3,3,9,6.5,No,2.4,7.2,8,4,5,19.4,Low
STU_1653,8.4,100.0,4,2,4.5,Yes,3.3,3.0,9,3,5,10.0,Low
STU_1654,6.8,80.8,2,6,4.2,No,6.4,4.7,4,5,3,46.3,Moderate
STU_1655,7.3,67.8,3,6,6.2,Yes,4.7,6.7,3,5,7,58.7,Moderate
STU_1656,7.4,92.6,1,5,7.9,No,8.6,3.7,6,2,1,12.7,Low
STU_1657,5.9,90.2,3,8,6.9,Yes,5.7,5.3,6,1,5,32.3,Low
STU_1658,8.3,83.3,2,7,7.1,No,8.0,2.0,5,1,3,27.7,Low
STU_1659,5.7,86.6,5,3,6.1,Yes,1.5,2.2,6,6,6,14.6,Low
STU_1660,6.7,88.5,8,3,6.7,Yes,6.3,2.0,8,4,2,15.3,Low
STU_1661,6.9,95.6,4,6,7.2,No,6.3,5.1,2,3,5,49.7,Moderate
STU_1662,6.8,96.7,5,3,8.3,No,1.5,3.0,6,4,3,10.0,Low
STU_1663,8.3,85.5,4,5,5.7,No,4.5,3.2,5,5,4,29.7,Low
STU_1664,9.0,93.9,4,4,6.8,Yes,6.7,5.7,4,1,3,22.6,Low
STU_1665,6.3,79.4,4,9,5.1,Yes,5.9,4.9,8,5,1,28.5,Low
STU_1666,8.2,96.5,5,7,4.5,Yes,3.1,2.6,7,4,6,28.5,Low
STU_1667,6.5,83.6,6,8,5.8,Yes,8.3,0.5,5,3,5,55.3,Moderate
STU_1668,8.4,98.6,6,9,6.8,Yes,7.0,4.6,6,6,6,57.9,Moderate
STU_1669,6.7,86.1,7,9,6.8,Yes,7.0,5.3,2,3,3,58.4,Moderate
STU_1670,3.6,87.6,5,5,5.7,Yes,5.0,4.8,6,3,4,27.6,Low
STU_1671,6.9,87.0,2,6,7.1,No,10.2,4.8,5,1,7,49.7,Moderate
STU_1672,5.5,100.0,8,5,8.3,No,6.6,3.3,1,3,1,46.4,Moderate
STU_1673,6.7,55.0,5,4,7.7,Yes,5.1,5.7,3,6,4,44.0,Moderate
STU_1674,7.6,85.9,3,7,5.8,No,9.1,5.7,6,6,1,48.5,Moderate
STU_1675,6.7,81.4,5,8,6.3,No,2.7,6.9,7,2,3,27.7,Low
STU_1676,6.4,79.3,3,4,6.0,Yes,8.6,3.7,4,4,5,44.3,Moderate
STU_1677,5.2,89.2,9,7,5.1,No,5.3,2.3,6,3,6,62.8,Moderate
STU_1678,9.7,72.3,4,8,6.2,No,6.2,1.7,8,5,2,26.5,Low
STU_1679,6.5,82.9,4,1,6.5,No,2.1,4.0,5,4,4,13.1,Low
STU_1680,5.6,76.0,4,6,3.6,Yes,10.3,2.7,5,5,5,72.4,High
STU_1681,7.8,83.8,6,4,6.7,No,7.5,4.5,7,8,6,59.8,Moderate
STU_1682,4.7,64.0,9,8,8.2,No,5.2,5.0,4,1,5,63.0,Moderate
STU_1683,4.2,81.6,2,4,6.6,Yes,7.5,4.1,6,6,3,25.6,Low
STU_1684,8.1,96.9,5,3,8.2,Yes,5.5,3.2,7,1,5,10.0,Low
STU_1685,7.0,79.2,5,2,4.2,Yes,9.1,0.8,2,6,6,63.6,Moderate
STU_1686,6.5,71.8,5,4,7.0,Yes,4.1,5.2,7,2,1,10.0,Low
STU_1687,3.6,100.0,5,6,6.0,No,6.7,2.6,5,1,8,53.2,Moderate
STU_1688,5.4,74.6,7,1,6.2,No,9.8,5.9,4,1,3,50.4,Moderate
STU_1689,6.5,79.2,3,4,6.3,No,3.6,4.7,4,6,8,51.0,Moderate
STU_1690,7.6,89.2,3,4,7.3,Yes,8.0,5.4,6,5,6,34.2,Low
STU_1691,2.7,91.6,3,5,3.5,No,7.4,3.6,1,5,5,64.2,Moderate
STU_1692,5.7,81.4,8,3,9.1,Yes,3.3,2.4,7,4,2,10.0,Low
STU_1693,4.2,89.1,5,4,6.6,No,7.7,2.1,4,3,6,47.5,Moderate
STU_1694,6.1,71.8,7,2,3.6,No,7.6,2.8,1,4,4,65.4,Moderate
STU_1695,7.6,68.8,6,5,4.3,No,7.6,3.9,5,2,5,62.2,Moderate
STU_1696,8.2,87.0,6,6,8.6,Yes,6.1,3.1,4,4,5,42.1,Moderate
STU_1697,4.7,98.3,3,5,7.3,No,1.5,4.0,1,2,6,30.4,Low
STU_1698,9.3,94.7,3,9,8.1,Yes,6.2,5.1,4,7,2,35.1,Low
STU_1699,4.4,71.2,2,7,5.7,No,6.6,3.6,9,2,8,40.0,Low
STU_1700,6.1,83.5,5,6,4.8,No,6.3,4.4,5,4,5,57.8,Moderate
STU_1701,7.3,97.9,6,6,5.9,Yes,6.4,3.7,5,9,6,63.3,Moderate
STU_1702,6.1,78.7,5,3,7.2,Yes,6.2,0.8,9,6,6,15.0,Low
STU_1703,6.9,96.4,5,5,5.6,No,5.5,3.7,6,6,2,33.4,Low
STU_1704,4.4,88.6,8,6,7.7,No,8.9,2.9,5,5,4,60.9,Moderate
STU_1705,6.8,87.2,2,8,5.7,No,10.7,4.6,7,6,3,50.0,Moderate
STU_1706,6.8,84.7,4,6,5.7,No,5.4,6.0,7,5,4,37.2,Low
STU_1707,5.7,91.7,2,5,8.9,Yes,6.1,3.0,4,4,6,27.2,Low
STU_1708,5.5,84.0,6,5,5.9,Yes,6.6,5.2,6,1,3,30.2,Low
STU_1709,6.4,97.6,6,5,8.0,No,3.6,4.3,9,6,7,30.8,Low
STU_1710,7.2,88.7,7,5,5.4,Yes,6.4,3.8,4,6,3,56.9,Moderate
STU_1711,2.2,85.3,5,7,6.2,Yes,8.0,6.6,5,3,4,50.1,Moderate
STU_1712,6.2,72.8,5,7,4.9,Yes,5.6,5.5,7,4,4,45.1,Moderate
STU_1713,5.1,89.1,2,4,4.9,Yes,2.8,3.7,7,2,5,10.0,Low
STU_1714,7.4,61.4,3,6,6.3,Yes,6.9,3.3,3,6,4,49.5,Moderate
STU_1715,8.3,86.8,6,4,6.5,Yes,5.9,2.5,8,2,2,10.0,Low
STU_1716,7.5,83.1,7,5,6.2,Yes,6.4,5.0,5,7,3,48.8,Moderate
STU_1717,4.4,92.5,4,5,4.7,Yes,8.0,6.5,8,5,6,41.3,Low
STU_1718,8.4,96.6,3,5,4.6,Yes,3.3,4.5,4,5,5,27.2,Low
STU_1719,6.7,78.5,3,5,5.4,Yes,7.1,3.0,2,6,3,44.4,Moderate
STU_1720,6.7,81.5,3,7,6.4,No,5.3,2.6,7,7,4,31.0,Low
STU_1721,5.1,69.7,5,2,5.1,Yes,5.6,5.4,5,5,5,44.6,Moderate
STU_1722,7.8,54.9,2,5,6.3,No,7.2,1.8,5,2,2,18.9,Low
STU_1723,4.5,75.9,5,6,7.5,Yes,8.9,4.1,2,5,6,69.7,High
STU_1724,2.4,60.2,4,4,7.3,No,6.1,4.2,4,2,4,28.8,Low
STU_1725,7.3,81.1,5,1,5.1,Yes,12.2,5.1,5,5,2,48.8,Moderate
STU_1726,6.7,76.5,5,2,4.8,No,7.8,3.8,4,4,6,56.0,Moderate
STU_1727,9.0,71.7,4,8,7.2,Yes,3.2,2.8,2,7,6,56.0,Moderate
STU_1728,7.8,82.8,4,2,4.0,No,6.4,4.6,7,3,7,35.1,Low
STU_1729,7.2,79.3,4,4,6.8,Yes,1.5,5.7,3,5,5,31.7,Low
STU_1730,5.3,85.0,5,4,6.0,Yes,10.4,4.7,6,7,2,46.3,Moderate
STU_1731,10.2,63.8,6,5,6.9,Yes,7.2,1.6,4,5,1,36.4,Low
STU_1732,5.2,98.7,4,6,6.5,Yes,4.5,3.1,2,3,3,30.9,Low
STU_1733,8.5,88.8,2,6,7.7,Yes,8.0,4.4,4,3,5,38.2,Low
STU_1734,6.5,83.5,5,3,5.4,Yes,8.5,0.5,2,6,6,59.2,Moderate
STU_1735,7.1,100.0,2,7,5.7,Yes,4.7,4.6,3,6,5,42.9,Moderate
STU_1736,5.0,72.8,2,4,8.2,No,5.9,4.0,9,7,7,21.7,Low
STU_1737,6.5,89.6,7,4,4.4,Yes,8.4,3.8,7,5,5,55.4,Moderate
STU_1738,5.8,77.5,5,5,4.4,No,4.2,5.8,3,6,7,70.0,High
STU_1739,4.9,86.3,7,4,9.0,Yes,5.4,3.3,9,3,5,10.0,Low
STU_1740,8.8,68.5,5,3,6.3,Yes,1.5,7.0,6,4,7,26.5,Low
STU_1741,3.5,86.7,7,5,5.8,Yes,5.6,2.1,4,8,2,45.1,Moderate
STU_1742,6.0,90.8,5,3,5.6,No,3.7,5.0,7,5,7,34.8,Low
STU_1743,8.7,75.4,6,9,3.7,Yes,10.5,6.0,4,7,8,98.0,High
STU_1744,3.8,74.0,4,5,4.3,Yes,4.2,4.9,4,2,6,49.5,Moderate
STU_1745,5.1,86.1,5,7,9.4,Yes,7.7,6.1,3,6,5,55.5,Moderate
STU_1746,6.3,82.5,4,7,6.3,No,7.6,3.0,9,6,3,24.2,Low
STU_1747,8.0,95.2,4,4,7.0,Yes,2.9,5.7,2,4,2,19.1,Low
STU_1748,7.4,88.2,8,4,6.4,Yes,5.1,3.6,3,3,2,29.9,Low
STU_1749,5.7,86.7,6,1,8.3,No,9.7,6.1,4,6,5,53.4,Moderate
STU_1750,7.6,69.5,4,3,7.2,Yes,5.0,2.9,7,3,7,17.5,Low
STU_1751,9.6,79.0,9,2,10.0,No,7.5,0.6,4,7,6,50.7,Moderate
STU_1752,10.7,70.3,5,7,7.3,Yes,7.4,3.7,5,1,3,30.2,Low
STU_1753,6.6,80.9,5,9,5.7,No,6.3,3.9,6,6,7,67.2,Moderate
STU_1754,8.2,96.0,5,2,6.4,No,8.1,3.7,5,5,2,28.2,Low
STU_1755,7.5,80.6,3,7,7.3,No,3.8,4.4,7,5,5,24.9,Low
STU_1756,7.6,71.1,9,5,7.8,Yes,7.9,3.8,3,5,7,74.9,High
STU_1757,7.4,88.2,9,5,7.9,Yes,4.1,2.6,8,2,2,10.0,Low
STU_1758,2.9,73.1,1,6,6.3,Yes,7.4,3.6,3,4,4,42.9,Moderate
STU_1759,7.0,81.4,5,3,6.4,No,6.3,3.7,2,5,3,46.1,Moderate
STU_1760,5.3,78.7,2,4,5.5,Yes,6.8,3.6,3,5,5,42.5,Moderate
STU_1761,6.6,100.0,6,5,6.9,No,5.5,6.5,5,2,3,30.7,Low
STU_1762,6.2,82.9,4,6,7.6,Yes,6.6,1.2,7,5,7,31.8,Low
STU_1763,3.0,99.3,2,3,7.8,Yes,6.5,4.6,6,3,4,11.0,Low
STU_1764,6.2,75.3,2,5,7.2,No,6.0,3.0,6,5,6,31.4,Low
STU_1765,7.8,70.5,4,5,6.6,No,4.0,3.4,2,1,5,36.7,Low
STU_1766,6.2,79.4,4,5,5.9,Yes,7.5,1.8,9,4,6,29.0,Low
STU_1767,7.1,76.7,4,6,5.9,No,7.7,4.7,5,3,5,55.7,Moderate
STU_1768,8.1,73.8,5,2,7.0,Yes,7.3,4.9,3,3,7,50.0,Moderate
STU_1769,6.1,100.0,4,8,6.8,Yes,6.0,5.9,3,8,3,58.8,Moderate
STU_1770,7.9,77.1,8,6,4.9,Yes,4.3,3.0,6,1,6,43.4,Moderate
STU_1771,5.4,87.0,4,2,7.5,Yes,5.3,4.8,7,4,3,10.0,Low
STU_1772,8.0,69.7,4,5,7.7,No,4.3,6.4,5,5,3,31.1,Low
STU_1773,7.0,82.2,4,1,8.0,No,7.8,5.8,5,7,7,43.1,Moderate
STU_1774,5.3,86.2,4,5,4.5,No,8.1,5.4,3,7,5,68.7,High
STU_1775,5.1,91.8,3,4,7.8,No,8.2,3.4,5,4,3,33.3,Low
STU_1776,10.0,69.2,7,3,6.4,No,8.4,0.5,4,4,3,51.4,Moderate
STU_1777,7.9,79.7,4,7,5.7,No,6.1,1.4,4,3,4,41.7,Low
STU_1778,7.5,99.5,2,5,5.1,No,8.1,2.2,5,3,2,26.9,Low
STU_1779,5.8,93.3,9,5,4.4,Yes,8.3,3.2,7,3,5,57.9,Moderate
STU_1780,5.7,58.1,7,6,6.5,Yes,8.5,4.5,7,5,5,58.4,Moderate
STU_1781,4.0,88.5,4,4,5.8,No,6.2,2.8,7,5,5,30.9,Low
STU_1782,7.2,82.3,6,4,6.8,Yes,9.5,3.3,4,5,6,56.8,Moderate
STU_1783,8.5,80.9,8,6,8.6,No,9.6,2.6,3,3,4,72.3,High
STU_1784,5.6,89.0,3,5,7.5,Yes,4.9,3.5,4,7,4,33.6,Low
STU_1785,4.3,85.8,8,5,7.2,No,6.6,3.8,3,1,5,52.0,Moderate
STU_1786,6.1,99.2,5,4,6.1,Yes,4.8,4.3,6,8,4,26.3,Low
STU_1787,3.4,84.8,6,7,7.1,No,4.9,6.2,2,3,8,75.4,High
STU_1788,2.6,92.6,3,3,5.2,No,7.4,5.4,5,9,6,61.2,Moderate
STU_1789,8.3,69.1,6,5,7.1,No,8.7,4.4,5,3,4,53.8,Moderate
STU_1790,4.4,79.8,6,4,8.2,Yes,1.8,3.3,8,5,4,10.0,Low
STU_1791,9.5,93.6,4,4,4.2,No,9.2,1.5,6,4,4,45.8,Moderate
STU_1792,6.3,100.0,5,6,3.5,No,8.2,6.1,2,6,6,80.8,High
STU_1793,4.5,82.6,5,9,4.6,Yes,7.9,5.4,5,7,3,73.8,High
STU_1794,7.1,97.3,5,7,6.8,No,5.2,3.2,3,4,4,44.7,Moderate
STU_1795,7.7,66.7,5,3,9.0,No,7.7,2.3,1,1,5,40.5,Low
STU_1796,6.4,71.9,5,8,5.3,No,8.4,6.4,5,7,6,79.0,High
STU_1797,4.3,100.0,5,3,7.4,No,5.7,5.7,6,4,7,35.3,Low
STU_1798,5.5,73.7,4,2,5.2,Yes,6.2,0.7,4,1,4,19.3,Low
STU_1799,4.2,71.1,2,6,5.6,No,4.9,5.2,3,5,3,43.6,Moderate
STU_1800,3.7,74.3,5,6,7.1,Yes,7.0,3.3,8,6,1,15.9,Low
STU_1801,3.9,78.3,2,1,5.9,Yes,7.7,3.8,5,4,3,11.6,Low
STU_1802,7.4,100.0,4,6,7.0,Yes,1.6,3.1,7,4,7,10.0,Low
STU_1803,7.5,92.3,2,6,3.9,Yes,6.4,0.5,4,6,6,44.1,Moderate
STU_1804,4.5,98.4,6,7,6.2,No,9.3,4.6,6,4,4,54.2,Moderate
STU_1805,5.4,89.5,4,2,3.8,No,5.2,6.2,5,1,4,25.7,Low
STU_1806,4.9,84.3,3,4,5.5,No,2.8,1.3,6,6,7,31.0,Low
STU_1807,10.0,91.0,3,6,6.8,No,6.9,5.9,3,4,3,43.9,Moderate
STU_1808,8.6,100.0,2,4,8.3,No,5.2,3.8,6,4,5,12.9,Low
STU_1809,8.6,86.7,3,8,5.0,No,7.5,3.2,3,3,6,64.6,Moderate
STU_1810,7.4,100.0,2,5,8.6,Yes,4.5,4.0,7,8,5,16.5,Low
STU_1811,11.9,59.7,8,5,7.6,Yes,2.9,3.6,3,6,4,48.3,Moderate
STU_1812,7.2,85.5,3,7,5.6,No,7.9,6.3,5,5,3,49.0,Moderate
STU_1813,8.9,85.1,7,3,6.8,No,9.2,4.1,2,6,3,58.1,Moderate
STU_1814,6.8,88.8,2,1,6.6,No,7.2,4.8,5,6,5,30.2,Low
STU_1815,6.3,85.2,5,8,5.0,No,8.4,0.5,5,2,4,51.7,Moderate
STU_1816,5.5,82.0,5,3,8.5,Yes,9.2,4.5,4,5,4,40.1,Low
STU_1817,4.6,64.3,6,5,8.8,Yes,8.7,3.9,3,4,8,70.4,High
STU_1818,6.6,80.7,5,8,7.6,Yes,3.7,4.2,2,5,6,53.5,Moderate
STU_1819,5.7,95.4,3,6,7.7,No,4.8,5.7,5,4,1,13.2,Low
STU_1820,8.8,95.0,2,6,5.4,Yes,7.8,5.7,6,9,2,41.6,Low
STU_1821,5.0,93.6,4,2,7.1,Yes,8.1,4.8,4,6,3,31.6,Low
STU_1822,4.8,88.7,7,3,4.8,Yes,2.1,7.1,1,4,5,46.3,Moderate
STU_1823,5.0,82.0,6,7,5.6,No,7.7,2.3,3,7,5,76.5,High
STU_1824,7.3,80.7,3,3,6.6,Yes,1.5,1.7,6,4,4,10.0,Low
STU_1825,9.7,86.9,5,3,7.6,Yes,2.4,2.6,3,3,2,10.0,Low
STU_1826,1.7,65.7,3,8,7.4,No,5.6,4.8,1,4,7,66.3,Moderate
STU_1827,6.1,79.6,3,5,5.2,No,6.0,3.2,5,3,4,39.7,Low
STU_1828,6.3,76.9,4,6,5.6,No,4.0,3.7,1,4,8,65.2,Moderate
STU_1829,5.7,86.1,2,3,7.7,Yes,10.7,2.0,3,4,5,44.6,Moderate
STU_1830,4.9,90.8,7,6,4.9,No,4.2,1.6,4,4,6,49.5,Moderate
STU_1831,2.5,83.9,2,7,6.7,No,6.1,3.0,5,3,5,31.5,Low
STU_1832,5.9,75.2,4,5,8.4,Yes,8.0,1.9,3,3,8,53.8,Moderate
STU_1833,8.5,85.8,2,6,7.9,Yes,3.4,4.8,5,3,6,19.5,Low
STU_1834,4.7,80.7,1,7,4.8,Yes,7.7,4.6,3,2,5,45.9,Moderate
STU_1835,7.9,75.7,3,3,5.0,Yes,4.1,1.3,5,4,5,16.2,Low
STU_1836,8.1,90.1,9,4,7.4,Yes,10.7,4.9,6,5,5,69.7,High
STU_1837,6.2,85.4,1,9,7.8,No,8.1,5.6,4,5,5,50.4,Moderate
STU_1838,3.7,69.6,5,9,7.3,No,9.9,3.3,4,3,3,64.0,Moderate
STU_1839,8.8,79.7,3,9,8.8,No,5.9,6.3,1,5,4,60.0,Moderate
STU_1840,7.4,78.4,6,2,6.4,Yes,3.1,6.8,3,7,7,55.8,Moderate
STU_1841,5.2,66.5,5,7,8.6,No,5.3,5.8,6,7,6,55.9,Moderate
STU_1842,5.2,57.1,1,5,7.2,No,8.3,1.7,7,5,5,25.8,Low
STU_1843,3.7,71.3,7,5,6.7,No,7.9,2.6,5,5,6,62.7,Moderate
STU_1844,4.2,65.3,4,7,5.7,Yes,8.8,2.8,3,5,2,62.5,Moderate
STU_1845,7.1,79.1,3,3,4.6,Yes,5.2,4.4,4,5,3,27.8,Low
STU_1846,8.5,80.7,4,2,5.1,No,3.9,3.9,9,6,2,10.0,Low
STU_1847,7.8,90.7,1,1,8.6,No,5.5,6.2,9,1,1,10.0,Low
STU_1848,4.1,74.8,3,5,5.8,Yes,4.2,4.7,7,7,7,35.4,Low
STU_1849,6.6,81.8,8,5,7.3,Yes,5.3,4.6,4,5,4,42.9,Moderate
STU_1850,2.0,80.1,7,9,7.1,No,4.2,4.4,5,7,3,57.6,Moderate
STU_1851,9.5,95.3,3,4,5.7,No,4.9,3.7,5,5,6,35.9,Low
STU_1852,6.0,78.0,6,2,8.5,No,7.6,1.1,7,6,4,24.5,Low
STU_1853,7.0,97.2,5,3,7.5,Yes,5.0,2.7,7,5,6,16.7,Low
STU_1854,4.9,98.1,2,5,6.8,No,8.5,1.6,6,3,8,40.3,Low
STU_1855,6.2,85.7,4,4,9.6,Yes,4.1,4.9,4,2,4,13.1,Low
STU_1856,10.1,82.1,5,4,6.6,No,6.2,5.3,3,7,7,68.5,High
STU_1857,5.6,100.0,5,6,6.2,Yes,9.9,1.7,5,4,5,53.0,Moderate
STU_1858,6.3,92.5,5,5,7.9,No,7.3,4.4,4,1,4,36.4,Low
STU_1859,6.1,67.3,5,5,6.5,No,7.0,4.9,6,2,5,37.2,Low
STU_1860,3.3,100.0,5,7,7.1,No,4.8,1.8,4,6,4,43.8,Moderate
STU_1861,8.9,87.6,4,5,8.0,Yes,3.3,3.9,9,9,7,22.7,Low
STU_1862,9.2,85.1,5,5,6.8,Yes,4.5,4.4,2,1,5,37.1,Low
STU_1863,4.9,100.0,6,8,8.3,No,8.3,3.4,5,4,6,59.6,Moderate
STU_1864,4.2,100.0,5,2,8.0,No,6.1,2.9,6,5,9,40.7,Low
STU_1865,7.1,100.0,7,7,7.6,Yes,6.8,5.7,7,4,4,45.1,Moderate
STU_1866,7.9,81.6,6,5,7.0,No,6.8,4.7,1,8,5,73.0,High
STU_1867,6.4,72.9,6,3,6.3,No,7.3,2.5,5,5,2,35.2,Low
STU_1868,6.6,80.8,7,4,6.8,Yes,5.8,1.7,4,6,2,34.8,Low
STU_1869,3.9,64.9,5,8,4.7,No,5.3,2.7,5,2,7,59.3,Moderate
STU_1870,7.5,59.3,8,4,7.2,Yes,5.8,6.5,4,5,6,54.1,Moderate
STU_1871,4.0,80.9,3,6,6.2,No,9.8,3.8,9,4,4,40.4,Low
STU_1872,4.3,100.0,3,2,7.7,Yes,4.8,5.5,4,2,2,10.0,Low
STU_1873,8.2,71.3,7,3,6.9,Yes,7.4,3.8,3,6,4,57.0,Moderate
STU_1874,7.7,89.3,6,2,4.0,Yes,6.1,1.8,5,6,6,44.5,Moderate
STU_1875,4.5,77.8,2,6,8.6,No,6.8,2.5,5,2,5,21.1,Low
STU_1876,4.5,83.2,1,6,6.7,Yes,5.1,2.1,8,7,3,10.0,Low
STU_1877,6.1,82.7,8,6,5.1,Yes,6.5,5.3,8,5,5,48.3,Moderate
STU_1878,6.1,66.9,5,4,4.8,No,5.9,1.7,9,8,7,44.0,Moderate
STU_1879,7.5,100.0,5,3,7.2,Yes,9.0,3.8,1,3,3,44.8,Moderate
STU_1880,4.9,59.8,7,5,7.0,No,10.0,2.5,1,2,7,86.3,High
STU_1881,4.6,75.7,1,1,7.8,Yes,8.1,2.8,6,2,5,10.0,Low
STU_1882,7.3,60.6,7,5,7.5,Yes,11.3,4.6,6,6,5,68.3,High
STU_1883,4.2,93.1,3,4,4.5,No,4.4,4.0,7,4,7,28.5,Low
STU_1884,3.6,77.5,3,4,4.9,No,8.8,4.4,5,3,4,37.3,Low
STU_1885,7.9,71.5,5,6,6.4,No,8.8,5.1,5,3,2,44.8,Moderate
STU_1886,3.9,91.9,5,6,5.9,Yes,7.8,5.5,8,2,7,42.7,Moderate
STU_1887,6.1,81.1,8,4,5.6,No,5.3,6.4,4,4,9,78.3,High
STU_1888,5.9,81.5,6,7,6.8,No,8.4,4.5,6,4,7,60.3,Moderate
STU_1889,9.8,97.8,4,6,6.5,Yes,5.3,5.4,6,5,6,36.6,Low
STU_1890,4.2,73.5,8,6,6.5,Yes,6.1,3.7,7,4,5,44.1,Moderate
STU_1891,7.3,85.5,1,4,6.2,Yes,7.3,2.9,2,1,1,11.3,Low
STU_1892,6.8,72.0,5,3,7.2,No,6.4,3.2,7,3,4,20.7,Low
STU_1893,7.4,81.5,3,4,6.4,No,7.4,4.3,4,5,9,62.6,Moderate
STU_1894,7.1,71.5,3,4,5.3,No,6.2,5.3,6,6,5,38.5,Low
STU_1895,6.2,86.4,6,6,4.0,Yes,6.5,1.8,6,4,3,32.4,Low
STU_1896,5.9,67.4,6,1,6.2,Yes,6.7,3.8,9,8,4,20.8,Low
STU_1897,2.4,90.5,6,4,5.4,Yes,8.1,4.4,4,4,4,53.5,Moderate
STU_1898,8.0,82.7,3,4,7.1,Yes,3.1,4.1,8,6,4,10.0,Low
STU_1899,6.6,81.0,5,3,7.7,No,5.6,6.2,6,1,6,28.6,Low
STU_1900,6.4,67.8,2,3,7.3,Yes,10.0,3.6,6,5,6,42.5,Moderate
STU_1901,7.5,94.3,6,6,6.6,No,5.0,2.8,5,3,4,31.5,Low
STU_1902,6.0,91.8,3,3,7.8,Yes,7.8,4.1,8,5,4,17.7,Low
STU_1903,7.8,89.7,5,2,7.5,No,5.4,5.5,2,6,9,69.4,High
STU_1904,5.1,90.8,7,1,4.8,No,7.8,3.2,2,1,3,49.4,Moderate
STU_1905,8.9,80.0,3,5,7.5,Yes,8.1,5.1,5,1,2,20.1,Low
STU_1906,4.9,76.8,7,6,5.9,Yes,6.3,3.1,4,3,1,35.4,Low
STU_1907,5.6,100.0,5,5,7.7,Yes,7.5,3.5,5,5,7,51.9,Moderate
STU_1908,6.2,81.3,4,7,6.4,Yes,7.1,4.4,6,7,4,40.6,Low
STU_1909,6.5,100.0,5,8,6.2,Yes,6.0,0.5,3,8,3,47.1,Moderate
STU_1910,5.7,83.7,2,5,8.1,Yes,7.6,1.9,2,6,4,35.0,Low
STU_1911,7.9,95.5,4,5,6.8,No,6.5,2.7,5,5,3,31.9,Low
STU_1912,6.0,76.6,6,6,6.9,Yes,8.7,4.7,4,4,5,62.4,Moderate
STU_1913,6.1,95.5,2,7,4.8,No,3.1,2.9,8,1,5,10.0,Low
STU_1914,9.8,91.8,5,6,8.4,Yes,7.0,5.0,6,5,7,48.5,Moderate
STU_1915,5.5,99.9,2,9,5.9,Yes,6.8,3.3,6,9,3,36.7,Low
STU_1916,8.8,71.2,4,6,7.1,Yes,6.4,6.5,5,6,6,47.6,Moderate
STU_1917,6.2,89.3,5,6,4.5,No,2.5,3.4,5,8,5,43.0,Moderate
STU_1918,5.4,97.2,3,3,5.6,No,5.9,4.7,6,5,4,29.3,Low
STU_1919,3.5,76.7,6,4,6.4,No,7.5,2.4,4,5,5,54.9,Moderate
STU_1920,7.4,80.1,5,6,8.8,Yes,4.4,3.8,6,1,6,20.4,Low
STU_1921,4.2,90.8,7,6,5.8,Yes,5.1,2.0,5,4,5,41.6,Low
STU_1922,5.6,72.4,4,6,6.8,Yes,3.8,5.6,5,7,3,30.9,Low
STU_1923,8.0,80.1,4,2,4.4,No,3.1,3.2,8,4,1,10.0,Low
STU_1924,7.5,98.9,4,1,7.0,Yes,7.9,4.5,4,8,6,40.8,Low
STU_1925,6.7,76.1,4,8,7.0,Yes,8.9,5.9,4,7,4,63.1,Moderate
STU_1926,7.4,89.0,5,1,6.9,No,8.8,5.8,5,5,4,38.4,Low
STU_1927,4.7,78.4,7,6,7.0,No,6.6,5.2,6,1,3,43.2,Moderate
STU_1928,6.9,69.4,5,4,7.0,No,3.6,4.0,4,4,7,47.2,Moderate
STU_1929,5.0,81.0,2,5,6.9,No,5.7,4.6,6,5,5,29.4,Low
STU_1930,4.5,68.4,8,3,5.7,Yes,7.1,4.8,5,3,5,55.0,Moderate
STU_1931,5.3,70.1,2,7,7.4,Yes,7.9,3.6,4,4,4,39.2,Low
STU_1932,4.8,59.5,3,4,7.2,Yes,7.1,4.0,4,8,6,45.3,Moderate
STU_1933,7.5,92.9,4,7,8.2,Yes,3.0,1.8,8,1,5,10.0,Low
STU_1934,8.0,100.0,3,1,6.6,Yes,4.8,6.3,1,1,5,28.7,Low
STU_1935,6.0,94.2,6,8,4.6,Yes,4.7,5.4,5,5,5,54.7,Moderate
STU_1936,7.0,72.3,4,3,6.2,No,6.5,3.3,4,5,3,36.4,Low
STU_1937,4.1,82.8,5,7,7.8,Yes,6.5,3.6,9,5,4,21.0,Low
STU_1938,5.8,93.9,2,6,5.9,Yes,5.6,5.6,1,3,8,57.2,Moderate
STU_1939,6.5,80.7,9,2,6.2,Yes,3.9,1.6,8,4,8,28.9,Low
STU_1940,6.8,73.3,3,7,7.2,Yes,12.0,2.3,6,6,2,49.5,Moderate
STU_1941,6.8,85.4,2,4,5.6,No,9.3,1.7,7,6,5,34.8,Low
STU_1942,4.5,94.2,2,6,5.1,No,7.2,4.2,5,3,6,40.5,Low
STU_1943,8.7,69.9,2,5,6.3,No,8.3,5.8,4,5,8,63.2,Moderate
STU_1944,7.4,79.7,4,5,5.6,Yes,4.1,3.4,5,2,4,18.3,Low
STU_1945,8.0,68.2,4,9,8.5,Yes,3.5,8.4,6,6,4,36.5,Low
STU_1946,5.9,86.5,4,3,4.9,No,4.9,3.4,8,5,5,22.7,Low
STU_1947,7.8,88.8,3,6,6.8,Yes,3.7,3.7,4,6,4,23.2,Low
STU_1948,6.2,69.6,2,6,6.6,No,5.9,5.0,7,5,6,35.0,Low
STU_1949,5.2,61.0,6,8,7.6,No,7.7,3.3,7,3,5,50.8,Moderate
STU_1950,6.3,94.8,3,4,7.4,No,7.4,2.3,5,5,5,32.6,Low
STU_1951,8.9,68.3,3,3,4.8,Yes,4.2,4.5,8,4,5,11.3,Low
STU_1952,6.3,96.4,4,4,6.7,Yes,7.2,2.4,3,7,2,33.6,Low
STU_1953,6.9,85.7,7,3,7.2,Yes,4.8,4.1,6,3,7,30.1,Low
STU_1954,5.5,75.6,5,4,7.3,No,6.2,6.1,5,2,4,37.9,Low
STU_1955,6.1,77.5,7,3,6.2,Yes,6.7,2.6,5,2,6,39.4,Low
STU_1956,5.7,90.2,1,9,6.5,No,8.4,6.3,6,8,2,49.8,Moderate
STU_1957,5.7,74.6,6,6,6.4,No,5.5,4.9,4,4,6,59.6,Moderate
STU_1958,9.7,74.4,5,7,5.6,Yes,1.9,4.4,7,2,5,18.1,Low
STU_1959,8.8,64.6,8,4,3.5,Yes,7.1,6.3,8,3,5,57.8,Moderate
STU_1960,8.6,66.4,1,6,8.5,No,5.4,4.0,8,6,4,10.6,Low
STU_1961,7.4,98.9,1,5,7.6,Yes,5.8,5.2,3,2,5,23.8,Low
STU_1962,3.1,87.5,1,8,5.6,Yes,4.2,4.0,4,2,5,25.5,Low
STU_1963,5.1,84.8,2,3,4.6,No,9.1,3.9,5,3,3,39.0,Low
STU_1964,9.4,80.7,6,4,4.6,No,6.8,1.6,6,4,6,45.8,Moderate
STU_1965,6.6,73.0,4,5,8.4,Yes,6.6,3.8,6,6,6,35.3,Low
STU_1966,5.8,91.0,4,5,5.8,No,5.0,0.5,5,5,7,41.5,Low
STU_1967,3.8,74.9,3,2,7.9,Yes,4.7,4.7,4,4,7,25.5,Low
STU_1968,4.8,94.8,3,7,7.5,Yes,7.5,4.5,5,9,3,42.9,Moderate
STU_1969,4.1,64.5,4,4,7.9,No,9.8,5.7,5,6,7,64.0,Moderate
STU_1970,7.0,71.7,4,3,6.2,Yes,11.3,1.0,4,5,8,66.9,Moderate
STU_1971,5.4,63.9,4,5,6.1,No,6.6,3.7,1,3,7,65.3,Moderate
STU_1972,5.9,83.7,6,6,5.5,Yes,5.6,0.5,5,3,5,46.2,Moderate
STU_1973,8.7,60.2,2,7,6.8,No,5.0,4.3,5,5,5,42.0,Moderate
STU_1974,4.3,93.9,5,5,6.5,Yes,7.8,2.2,7,5,6,39.2,Low
STU_1975,6.0,72.8,2,9,5.7,Yes,5.4,3.0,4,7,3,41.4,Low
STU_1976,5.1,99.5,6,3,7.4,Yes,2.4,3.6,6,5,3,10.0,Low
STU_1977,3.5,100.0,5,3,4.5,No,7.0,3.7,5,3,7,56.8,Moderate
STU_1978,8.0,85.3,4,4,7.7,No,6.5,2.6,6,3,7,31.1,Low
STU_1979,5.4,75.3,6,7,8.5,No,5.9,2.8,6,8,5,48.7,Moderate
STU_1980,6.8,80.3,2,3,6.5,Yes,3.8,3.7,6,4,1,10.0,Low
STU_1981,7.4,100.0,2,6,5.8,No,4.5,1.9,2,5,4,38.3,Low
STU_1982,6.0,88.8,6,3,7.0,Yes,9.4,4.0,6,7,6,55.8,Moderate
STU_1983,6.9,75.3,2,4,5.5,Yes,3.2,5.1,5,1,3,10.0,Low
STU_1984,6.2,74.5,7,4,6.5,No,4.2,2.7,4,7,6,57.3,Moderate
STU_1985,8.6,78.3,3,9,9.1,No,3.7,3.9,4,6,4,30.5,Low
STU_1986,6.8,55.2,2,8,8.9,Yes,7.5,2.7,7,6,6,38.4,Low
STU_1987,8.7,79.9,8,6,6.2,Yes,6.7,4.3,6,4,3,49.6,Moderate
STU_1988,5.8,90.5,3,4,6.5,No,7.4,3.9,5,5,5,37.8,Low
STU_1989,6.1,78.8,1,5,7.4,Yes,6.6,5.4,5,3,3,19.1,Low
STU_1990,6.5,89.3,3,5,7.0,Yes,2.9,6.0,9,5,4,10.0,Low
STU_1991,7.4,89.1,5,7,6.2,Yes,5.1,2.4,4,1,5,28.7,Low
STU_1992,2.2,78.5,3,7,5.1,Yes,6.3,2.4,9,3,3,18.3,Low
STU_1993,6.9,68.2,6,6,8.3,No,4.1,2.5,9,5,6,28.0,Low
STU_1994,7.2,68.3,6,1,5.9,No,7.2,3.0,5,3,5,42.1,Moderate
STU_1995,6.4,73.4,6,4,5.1,No,5.6,2.2,6,3,6,41.9,Low
STU_1996,8.0,95.5,8,6,5.0,Yes,8.7,3.9,4,4,5,66.2,Moderate
STU_1997,6.8,65.7,5,9,6.4,Yes,7.8,1.8,6,3,7,56.1,Moderate
STU_1998,8.9,84.6,3,9,7.9,No,7.0,4.9,2,5,7,72.3,High
STU_1999,5.7,100.0,5,2,4.6,No,4.9,5.4,4,8,9,62.8,Moderate
STU_2000,8.8,97.7,3,5,6.4,Yes,8.4,4.1,2,9,5,64.1,Moderate
STU_2001,8.4,95.7,9,5,7.2,Yes,6.4,3.2,7,5,4,35.9,Low
STU_2002,6.8,74.8,2,5,7.3,Yes,8.4,1.7,6,8,5,35.6,Low
STU_2003,8.1,95.7,3,4,7.3,No,4.6,2.6,5,1,3,10.0,Low
STU_2004,7.3,79.1,4,7,6.8,No,7.4,6.2,4,6,6,67.2,Moderate
STU_2005,6.7,49.1,6,1,5.2,No,4.2,5.9,6,6,4,32.2,Low
STU_2006,8.9,84.5,7,8,6.8,No,7.8,6.6,4,5,3,70.3,High
STU_2007,7.5,81.9,6,6,3.5,Yes,7.0,4.0,2,5,3,71.8,High
STU_2008,8.3,91.1,5,9,8.8,Yes,5.9,4.0,4,4,4,41.1,Low
STU_2009,7.2,74.3,5,4,5.5,No,4.9,3.7,1,4,5,53.9,Moderate
STU_2010,8.7,76.4,4,7,3.8,Yes,4.9,4.4,7,1,6,36.9,Low
STU_2011,7.2,59.9,2,5,7.5,No,5.7,6.0,4,4,4,30.7,Low
STU_2012,8.9,72.7,6,6,5.8,No,6.0,3.1,5,7,5,55.2,Moderate
STU_2013,4.1,85.4,7,6,6.3,No,6.6,3.6,9,1,4,27.0,Low
STU_2014,5.4,90.6,3,6,6.1,No,5.5,3.0,7,4,7,39.1,Low
STU_2015,5.7,93.1,4,4,5.7,No,4.1,7.1,2,6,1,36.7,Low
STU_2016,7.5,91.7,6,5,5.9,No,4.7,3.8,4,4,3,36.4,Low
STU_2017,5.8,80.1,4,6,4.2,No,7.1,4.7,5,2,5,58.2,Moderate
STU_2018,6.5,72.8,7,3,5.0,No,6.7,5.0,5,5,5,57.7,Moderate
STU_2019,6.8,70.5,5,4,4.6,Yes,6.3,3.8,3,4,5,49.9,Moderate
STU_2020,5.3,70.5,5,5,8.7,No,3.6,2.2,6,6,4,15.3,Low
STU_2021,6.3,86.3,4,4,6.8,No,3.7,4.9,6,3,4,17.2,Low
STU_2022,7.0,82.0,4,5,7.7,No,5.8,4.6,7,6,3,23.1,Low
STU_2023,6.5,85.0,3,5,6.1,Yes,1.9,1.3,5,4,4,10.0,Low
STU_2024,5.4,65.7,3,9,8.0,Yes,6.3,5.4,8,5,3,25.8,Low
STU_2025,4.4,83.2,5,5,7.1,Yes,7.4,4.6,1,6,4,57.8,Moderate
STU_2026,7.1,67.9,7,6,4.5,Yes,5.6,4.7,3,5,6,73.2,High
STU_2027,7.1,62.3,2,3,6.1,No,7.7,3.1,4,3,6,44.4,Moderate
STU_2028,4.3,68.5,5,5,7.8,Yes,8.8,5.6,3,4,6,65.9,Moderate
STU_2029,4.9,75.8,6,7,7.8,No,2.0,3.9,5,4,6,40.1,Low
STU_2030,7.8,90.2,3,4,10.0,No,8.2,5.7,8,3,4,16.5,Low
STU_2031,7.9,86.2,3,6,5.5,No,6.3,3.1,8,6,6,39.3,Low
STU_2032,3.8,90.2,7,4,7.2,No,1.5,0.9,5,3,6,19.5,Low
STU_2033,7.8,83.5,4,7,4.8,Yes,5.1,4.8,4,1,4,39.0,Low
STU_2034,6.9,68.6,4,3,5.3,No,6.8,6.8,5,2,7,59.7,Moderate
STU_2035,7.0,63.5,5,5,5.5,No,4.3,3.3,6,9,6,57.8,Moderate
STU_2036,7.4,75.8,2,7,7.1,No,7.5,5.3,5,4,3,37.8,Low
STU_2037,1.8,64.0,4,5,6.9,No,4.5,1.7,3,4,2,28.9,Low
STU_2038,4.7,78.4,7,5,6.1,No,6.9,3.2,6,6,7,58.1,Moderate
STU_2039,8.2,81.1,4,2,5.8,Yes,6.0,5.5,5,2,5,23.2,Low
STU_2040,2.4,78.7,3,5,10.0,No,8.5,5.0,7,4,2,21.6,Low
STU_2041,6.4,61.9,7,7,5.7,Yes,5.3,3.1,5,5,4,55.2,Moderate
STU_2042,4.2,67.0,1,7,6.9,Yes,5.9,3.1,6,8,3,26.8,Low
STU_2043,5.3,82.3,4,4,4.6,Yes,8.6,3.1,5,5,4,43.3,Moderate
STU_2044,5.1,81.6,5,6,5.5,Yes,8.4,4.4,6,6,4,56.9,Moderate
STU_2045,5.9,89.4,3,1,6.8,Yes,4.8,1.5,3,6,6,23.0,Low
STU_2046,9.4,76.5,4,8,5.2,Yes,9.2,5.6,7,6,5,59.9,Moderate
STU_2047,7.0,79.0,4,1,7.3,Yes,5.7,2.9,6,8,3,19.1,Low
STU_2048,6.3,79.3,5,4,5.2,Yes,6.1,5.0,6,2,3,25.5,Low
STU_2049,8.0,88.6,5,2,8.6,Yes,6.4,1.9,7,2,9,26.5,Low
STU_2050,7.2,78.6,3,7,5.2,Yes,3.0,1.2,9,6,2,10.0,Low
STU_2051,5.9,69.2,2,2,4.9,Yes,10.7,2.1,6,6,5,46.9,Moderate
STU_2052,6.0,94.1,4,4,6.5,Yes,6.5,5.1,9,5,4,21.0,Low
STU_2053,4.7,66.4,5,5,4.4,Yes,3.3,4.2,9,1,7,23.8,Low
STU_2054,7.7,72.1,8,7,7.3,Yes,5.6,5.0,3,9,6,75.7,High
STU_2055,5.2,66.4,5,6,7.2,No,2.9,2.4,4,2,8,46.6,Moderate
STU_2056,7.9,64.5,4,7,6.2,No,4.1,2.4,7,6,6,43.4,Moderate
STU_2057,5.5,57.3,3,5,6.7,Yes,5.2,6.2,5,3,3,26.8,Low
STU_2058,4.9,100.0,6,5,6.1,No,4.0,5.3,6,7,5,42.0,Moderate
STU_2059,7.8,79.6,3,6,3.8,No,3.7,4.2,6,4,6,36.9,Low
STU_2060,8.1,85.7,5,7,4.4,No,4.4,1.1,6,1,4,32.8,Low
STU_2061,5.8,77.0,7,5,7.3,No,9.3,4.8,8,3,2,37.4,Low
STU_2062,7.8,85.0,6,8,5.6,No,7.5,3.1,7,5,6,56.0,Moderate
STU_2063,7.1,90.1,3,4,5.9,No,5.4,5.1,5,2,8,38.3,Low
STU_2064,5.7,100.0,4,2,4.1,Yes,9.1,3.6,8,1,7,27.3,Low
STU_2065,6.5,94.7,8,3,5.4,No,7.1,6.4,7,4,5,44.2,Moderate
STU_2066,7.3,80.9,4,5,4.1,No,7.8,5.2,1,6,8,90.7,High
STU_2067,5.1,74.2,1,9,4.8,Yes,7.4,3.8,5,4,3,45.5,Moderate
STU_2068,4.4,98.7,2,4,6.6,Yes,2.9,1.4,9,7,5,10.0,Low
STU_2069,7.8,53.7,6,4,5.6,No,8.3,2.5,6,4,4,49.5,Moderate
STU_2070,4.6,87.3,5,3,6.5,Yes,6.0,2.8,5,6,7,40.9,Low
STU_2071,5.3,72.1,4,5,9.3,No,5.5,5.7,3,5,3,33.0,Low
STU_2072,3.4,83.4,6,9,7.1,Yes,6.1,4.8,4,4,6,59.0,Moderate
STU_2073,7.3,91.4,3,6,7.1,No,6.4,5.9,2,1,4,46.5,Moderate
STU_2074,6.5,87.5,6,6,5.0,Yes,3.8,1.8,5,7,2,29.0,Low
STU_2075,4.6,90.5,6,6,5.9,No,7.9,4.0,5,7,6,65.3,Moderate
STU_2076,7.4,78.0,4,6,4.6,No,4.9,7.3,6,4,7,51.7,Moderate
STU_2077,4.4,85.7,5,4,6.6,No,8.0,6.3,4,5,6,61.2,Moderate
STU_2078,9.0,81.3,7,2,5.2,Yes,6.5,5.8,4,3,5,52.0,Moderate
STU_2079,4.7,88.5,7,1,5.5,No,6.7,2.6,6,3,6,33.6,Low
STU_2080,7.7,91.2,3,7,5.9,No,9.0,4.4,9,2,2,20.2,Low
STU_2081,6.3,96.0,5,3,6.2,No,7.9,3.4,7,3,7,42.7,Moderate
STU_2082,4.9,73.1,5,5,6.1,Yes,6.3,5.4,3,6,9,75.2,High
STU_2083,10.1,85.4,3,6,5.9,No,8.3,5.0,6,3,5,46.6,Moderate
STU_2084,5.9,64.0,3,5,6.1,Yes,5.9,1.0,4,6,3,30.6,Low
STU_2085,6.1,91.1,5,9,7.0,No,3.3,3.9,9,8,3,28.4,Low
STU_2086,7.9,98.9,4,8,5.4,No,7.8,3.5,9,6,5,44.3,Moderate
STU_2087,6.2,60.0,2,3,5.5,No,7.9,3.0,2,2,3,45.1,Moderate
STU_2088,1.5,86.8,5,7,5.4,Yes,1.6,5.0,4,5,4,30.2,Low
STU_2089,5.8,84.4,3,3,4.5,No,6.0,1.7,6,2,6,28.9,Low
STU_2090,4.8,96.2,2,7,6.5,No,1.5,6.3,5,4,4,17.4,Low
STU_2091,5.9,63.7,4,5,7.3,Yes,9.2,6.4,3,3,8,69.0,High
STU_2092,4.2,58.5,7,6,6.6,No,8.0,2.4,4,6,3,69.4,High
STU_2093,7.1,97.6,6,6,6.3,No,4.3,3.4,7,5,6,36.0,Low
STU_2094,5.6,100.0,5,6,5.8,Yes,6.7,2.0,5,6,9,65.5,Moderate
STU_2095,5.2,63.7,3,6,7.4,No,4.4,5.0,9,5,4,15.8,Low
STU_2096,6.3,74.9,6,4,9.5,No,4.6,6.5,2,8,8,63.3,Moderate
STU_2097,5.8,87.5,6,7,5.1,Yes,10.0,5.8,6,3,9,83.1,High
STU_2098,5.8,100.0,9,7,6.2,Yes,9.2,0.5,7,6,5,58.8,Moderate
STU_2099,2.3,75.2,6,6,3.5,No,5.1,5.9,3,4,1,55.0,Moderate
STU_2100,6.3,81.4,6,5,8.4,Yes,8.4,6.9,7,6,3,42.0,Moderate
STU_2101,9.2,54.1,7,2,6.3,No,5.2,3.1,7,5,6,43.5,Moderate
STU_2102,8.0,89.7,5,4,8.0,No,9.2,0.6,5,5,6,48.2,Moderate
STU_2103,8.4,82.8,7,7,7.8,Yes,4.4,2.0,7,3,8,37.3,Low
STU_2104,8.2,88.8,3,5,5.3,Yes,5.0,6.4,5,3,4,28.1,Low
STU_2105,9.8,73.1,3,4,7.4,No,6.8,1.9,3,6,6,51.7,Moderate
STU_2106,8.2,69.3,6,5,5.9,No,6.3,0.7,4,2,7,57.8,Moderate
STU_2107,8.5,96.7,4,6,7.7,No,1.9,6.3,7,3,7,24.0,Low
STU_2108,9.3,90.0,2,4,6.9,Yes,4.5,2.4,6,2,5,10.0,Low
STU_2109,5.6,79.3,5,2,8.1,Yes,5.1,3.9,2,2,6,32.4,Low
STU_2110,6.9,99.1,4,6,5.9,No,5.1,3.8,6,2,6,33.3,Low
STU_2111,5.6,90.1,6,8,8.3,Yes,7.1,5.8,4,4,4,49.4,Moderate
STU_2112,4.9,93.7,5,5,6.7,Yes,7.0,2.7,3,5,4,48.5,Moderate
STU_2113,3.4,88.6,4,2,5.3,No,9.0,5.4,3,7,4,57.9,Moderate
STU_2114,8.1,78.9,3,7,7.1,Yes,3.9,6.1,5,7,1,20.6,Low
STU_2115,3.0,90.7,3,8,7.9,Yes,4.7,5.2,6,7,4,35.9,Low
STU_2116,9.5,83.4,4,6,6.7,Yes,6.9,5.3,7,3,2,18.6,Low
STU_2117,3.0,90.1,5,2,6.5,No,6.6,4.0,2,6,3,45.6,Moderate
STU_2118,3.6,80.1,2,7,5.9,No,3.2,2.4,5,8,4,23.2,Low
STU_2119,6.7,94.9,2,4,8.8,No,2.7,3.9,6,2,3,10.0,Low
STU_2120,8.6,60.2,5,5,8.0,Yes,7.2,2.0,5,1,3,28.3,Low
STU_2121,8.7,100.0,3,7,5.4,Yes,3.6,5.7,9,4,1,10.0,Low
STU_2122,5.6,83.8,6,6,7.7,Yes,4.8,5.5,4,9,1,41.3,Low
STU_2123,5.1,71.1,3,4,5.7,Yes,8.6,3.6,7,3,7,40.3,Low
STU_2124,7.1,77.0,6,7,6.0,No,6.6,2.4,2,1,4,53.3,Moderate
STU_2125,4.6,78.9,4,9,8.1,Yes,7.4,1.3,8,6,4,31.2,Low
STU_2126,7.3,81.9,3,3,5.4,No,6.7,6.0,4,6,5,43.0,Moderate
STU_2127,3.0,91.8,3,4,5.6,Yes,5.3,4.2,5,6,4,26.1,Low
STU_2128,6.5,88.1,3,5,6.7,Yes,5.1,5.4,4,4,5,34.9,Low
STU_2129,6.1,96.7,4,3,6.0,No,5.1,1.8,4,3,5,26.6,Low
STU_2130,6.0,96.8,6,4,6.4,No,7.5,7.2,4,4,7,60.4,Moderate
STU_2131,5.3,85.4,5,3,4.7,No,8.2,3.1,6,4,5,46.6,Moderate
STU_2132,7.5,69.0,6,1,7.4,Yes,7.2,2.4,4,2,6,35.1,Low
STU_2133,7.6,100.0,6,4,5.8,Yes,5.8,3.1,1,3,6,51.0,Moderate
STU_2134,4.6,85.7,3,9,7.4,Yes,11.5,2.5,4,1,3,46.7,Moderate
STU_2135,3.2,73.6,3,3,7.6,No,4.3,4.4,6,4,9,30.0,Low
STU_2136,8.0,72.1,4,3,7.3,Yes,8.2,1.2,5,4,5,27.4,Low
STU_2137,5.8,79.7,2,5,6.1,Yes,6.8,3.3,3,5,2,31.9,Low
STU_2138,7.6,100.0,7,4,5.8,Yes,6.4,1.9,3,2,3,36.8,Low
STU_2139,4.9,86.7,3,9,5.2,No,6.4,2.0,3,4,2,44.0,Moderate
STU_2140,11.4,69.7,5,3,6.5,No,1.5,2.3,4,1,4,15.2,Low
STU_2141,8.2,73.7,7,4,6.2,No,7.2,2.3,4,7,5,68.8,High
STU_2142,9.3,73.7,3,7,4.7,Yes,6.0,6.2,6,2,4,33.7,Low
STU_2143,8.5,100.0,2,5,5.9,No,6.8,2.3,2,4,5,38.0,Low
STU_2144,5.7,76.1,5,4,5.8,Yes,1.5,2.9,5,5,5,14.7,Low
STU_2145,7.3,59.7,2,5,7.0,Yes,4.5,2.9,3,7,8,40.9,Low
STU_2146,5.7,77.8,4,5,7.1,No,5.9,1.0,4,3,4,34.2,Low
STU_2147,6.5,100.0,7,5,6.2,Yes,4.6,2.9,3,6,1,33.1,Low
STU_2148,8.0,64.2,3,1,4.6,Yes,7.2,7.5,3,7,7,63.6,Moderate
STU_2149,7.7,100.0,5,5,5.3,Yes,8.8,4.5,5,4,1,31.2,Low
STU_2150,7.3,81.6,5,2,5.9,No,4.4,3.5,9,7,7,31.4,Low
STU_2151,4.3,98.4,5,8,6.8,No,3.5,3.1,3,5,7,59.1,Moderate
STU_2152,6.5,76.8,3,3,6.2,Yes,5.1,4.0,3,4,6,37.0,Low
STU_2153,7.5,60.9,5,2,7.2,Yes,6.8,5.0,4,3,5,34.2,Low
STU_2154,5.2,98.1,1,4,8.3,Yes,3.1,5.2,9,1,4,10.0,Low
STU_2155,7.5,100.0,7,5,4.9,Yes,2.2,4.0,7,2,2,10.0,Low
STU_2156,6.1,88.5,2,7,6.2,Yes,5.5,2.8,5,1,8,34.2,Low
STU_2157,6.8,75.7,1,5,4.0,No,9.4,4.7,2,8,4,73.4,High
STU_2158,7.7,76.2,3,6,7.5,Yes,3.0,2.4,2,3,6,33.5,Low
STU_2159,5.4,75.0,8,5,5.4,Yes,6.7,2.7,6,5,7,62.3,Moderate
STU_2160,5.2,87.1,4,8,7.7,Yes,8.9,1.0,4,6,6,58.1,Moderate
STU_2161,9.2,78.2,5,6,7.3,No,3.5,2.4,4,7,4,37.1,Low
STU_2162,7.3,83.7,3,4,6.4,No,6.5,4.1,8,6,5,30.3,Low
STU_2163,6.4,86.2,6,6,6.8,No,7.4,4.4,7,6,3,41.2,Low
STU_2164,10.3,97.0,5,8,6.3,Yes,8.2,5.1,5,3,5,52.6,Moderate
STU_2165,3.9,83.8,4,4,3.6,Yes,8.9,5.7,6,6,3,52.7,Moderate
STU_2166,7.0,60.0,4,5,7.3,Yes,8.3,6.4,3,2,5,57.3,Moderate
STU_2167,5.8,97.3,5,5,6.0,No,3.1,3.1,3,8,3,29.9,Low
STU_2168,4.5,78.2,1,4,5.7,No,9.1,0.5,4,2,4,30.4,Low
STU_2169,9.8,92.1,4,5,5.1,Yes,7.8,3.6,5,4,6,48.5,Moderate
STU_2170,7.7,68.1,3,4,6.8,Yes,8.2,3.3,6,5,2,26.4,Low
STU_2171,6.6,66.8,3,5,6.4,Yes,6.5,4.8,4,5,3,36.9,Low
STU_2172,8.6,76.6,7,4,6.0,No,2.1,4.9,5,5,3,36.5,Low
STU_2173,5.6,87.9,4,3,7.2,No,6.4,6.6,6,8,7,49.2,Moderate
STU_2174,7.3,75.0,7,3,4.9,Yes,7.7,3.9,6,1,2,31.7,Low
STU_2175,3.0,83.0,4,4,5.5,Yes,8.2,4.9,4,8,8,71.3,High
STU_2176,6.3,92.0,6,4,6.2,Yes,4.5,3.3,5,6,5,41.5,Low
STU_2177,3.2,88.5,1,6,6.0,No,6.5,4.0,7,8,4,37.8,Low
STU_2178,5.1,65.6,5,7,4.3,Yes,4.7,4.0,5,6,3,44.9,Moderate
STU_2179,7.9,65.0,3,8,3.5,Yes,6.2,2.3,8,4,6,43.3,Moderate
STU_2180,6.4,74.0,8,2,7.3,Yes,1.5,2.5,2,7,5,33.7,Low
STU_2181,8.8,87.1,7,2,5.3,Yes,8.3,4.3,3,5,5,49.4,Moderate
STU_2182,7.1,71.9,5,3,6.7,Yes,4.2,4.7,1,4,6,50.2,Moderate
STU_2183,5.2,77.3,2,9,5.5,Yes,3.0,2.8,4,4,2,20.7,Low
STU_2184,8.0,88.5,3,3,5.5,Yes,9.4,3.1,4,5,6,53.7,Moderate
STU_2185,6.0,81.1,5,3,5.1,Yes,7.0,1.2,6,5,7,43.8,Moderate
STU_2186,5.6,84.3,7,6,8.4,Yes,3.3,4.6,9,7,5,11.4,Low
STU_2187,8.1,92.7,3,6,6.8,Yes,4.1,3.2,4,5,6,30.9,Low
STU_2188,3.6,88.3,5,2,4.4,No,3.5,5.7,7,1,7,18.7,Low
STU_2189,2.7,100.0,4,6,7.5,No,5.1,4.8,6,3,4,25.0,Low
STU_2190,4.1,94.0,6,5,8.5,No,7.1,0.7,5,7,6,44.4,Moderate
STU_2191,3.4,77.9,4,6,8.2,Yes,5.5,3.6,5,5,6,35.7,Low
STU_2192,7.4,85.4,3,7,6.2,Yes,8.2,3.5,6,2,8,44.1,Moderate
STU_2193,4.1,76.7,3,6,6.2,Yes,5.6,4.7,5,5,5,31.3,Low
STU_2194,7.0,100.0,7,7,5.5,Yes,10.8,2.0,5,2,3,56.4,Moderate
STU_2195,4.5,79.9,7,4,7.1,No,9.8,4.7,2,1,3,63.3,Moderate
STU_2196,9.4,64.5,5,4,7.1,No,6.5,6.5,3,4,4,51.6,Moderate
STU_2197,7.0,83.7,3,5,6.1,No,5.1,2.7,2,4,5,43.1,Moderate
STU_2198,4.4,73.4,9,6,6.8,Yes,8.9,6.2,9,6,4,60.0,Moderate
STU_2199,7.6,74.5,4,2,5.6,Yes,7.9,2.6,6,5,3,25.5,Low
STU_2200,5.9,62.0,4,4,8.0,Yes,6.3,4.0,7,4,1,10.0,Low
STU_2201,6.0,74.2,2,4,4.3,Yes,7.9,1.5,9,5,6,24.8,Low
STU_2202,6.6,76.3,3,4,4.7,Yes,6.7,4.1,7,6,2,19.1,Low
STU_2203,5.5,82.7,3,4,6.0,Yes,5.9,5.2,8,4,6,21.3,Low
STU_2204,1.9,81.0,5,5,8.3,No,4.3,4.0,7,8,2,26.1,Low
STU_2205,5.3,73.5,4,6,5.6,Yes,6.8,2.6,6,5,5,42.8,Moderate
STU_2206,4.9,91.4,4,9,3.5,Yes,7.7,3.1,6,1,4,47.4,Moderate
STU_2207,8.2,93.9,2,5,6.1,Yes,5.0,7.8,3,7,3,38.2,Low
STU_2208,10.6,62.6,6,1,6.7,No,6.8,5.1,4,3,3,42.6,Moderate
STU_2209,5.4,81.1,6,5,5.2,No,6.5,3.5,3,8,2,53.9,Moderate
STU_2210,3.8,70.2,3,5,5.5,Yes,4.4,2.0,7,6,8,28.4,Low
STU_2211,4.5,68.3,4,5,8.2,Yes,7.5,3.0,5,6,3,29.1,Low
STU_2212,2.0,85.1,4,5,7.1,No,3.8,4.9,8,6,4,15.0,Low
STU_2213,8.9,53.5,7,3,7.0,Yes,7.5,5.1,6,5,3,42.7,Moderate
STU_2214,5.8,92.4,4,2,5.4,Yes,4.5,2.3,7,6,6,28.6,Low
STU_2215,2.5,59.7,4,9,7.3,Yes,8.6,5.9,1,3,3,66.1,Moderate
STU_2216,7.4,74.7,1,5,5.9,No,6.5,3.6,6,6,8,43.3,Moderate
STU_2217,3.4,86.6,4,5,6.3,Yes,5.1,1.6,4,3,3,23.2,Low
STU_2218,5.0,93.4,2,4,7.8,Yes,8.0,1.7,4,7,9,52.3,Moderate
STU_2219,7.1,90.1,3,6,7.7,No,8.8,0.5,7,5,3,21.1,Low
STU_2220,5.4,79.0,6,3,5.6,No,8.3,1.7,3,1,5,46.1,Moderate
STU_2221,7.4,94.0,4,3,7.2,Yes,9.9,4.7,6,7,5,44.4,Moderate
STU_2222,7.8,96.5,3,9,7.6,No,7.3,4.4,4,7,5,64.9,Moderate
STU_2223,5.4,80.1,5,4,6.5,No,8.1,4.3,5,5,6,56.7,Moderate
STU_2224,6.7,79.1,3,3,7.7,Yes,7.9,0.5,4,9,6,43.0,Moderate
STU_2225,9.1,68.5,2,1,6.0,Yes,6.7,5.4,8,5,4,11.5,Low
STU_2226,9.7,95.5,5,2,6.2,Yes,7.7,1.5,8,2,3,11.0,Low
STU_2227,6.3,71.7,9,4,8.2,Yes,5.7,5.7,7,6,3,33.3,Low
STU_2228,6.5,93.6,4,6,9.7,Yes,7.3,4.7,5,8,2,31.3,Low
STU_2229,8.8,99.5,3,1,4.9,Yes,2.5,3.9,6,5,5,10.0,Low
STU_2230,6.8,88.7,5,4,7.9,No,7.3,1.6,3,6,6,49.8,Moderate
STU_2231,5.4,65.0,1,7,4.3,Yes,6.1,4.3,6,4,8,49.9,Moderate
STU_2232,3.0,80.2,2,3,6.5,Yes,8.5,5.0,8,5,7,29.4,Low
STU_2233,5.5,87.9,2,5,4.4,Yes,6.0,6.3,7,3,6,23.7,Low
STU_2234,3.3,69.7,2,1,9.2,Yes,5.0,3.6,3,5,9,29.9,Low
STU_2235,6.3,75.2,7,5,4.6,Yes,5.2,3.6,6,5,6,51.2,Moderate
STU_2236,6.7,62.8,4,5,6.1,Yes,8.2,4.3,1,6,5,65.7,Moderate
STU_2237,8.2,81.2,3,4,6.1,No,8.8,4.8,4,2,5,50.9,Moderate
STU_2238,5.9,69.6,4,2,8.3,No,5.2,3.8,3,5,8,45.8,Moderate
STU_2239,7.4,60.6,5,7,6.9,No,5.8,2.6,3,4,4,52.1,Moderate
STU_2240,5.5,51.9,4,2,7.4,No,6.6,1.3,4,5,4,30.1,Low
STU_2241,4.2,82.5,7,7,6.7,No,5.4,2.9,5,5,4,48.7,Moderate
STU_2242,5.7,66.3,7,5,6.6,No,4.7,5.6,9,6,4,28.7,Low
STU_2243,4.5,74.2,5,9,5.2,Yes,7.5,2.4,5,6,5,67.2,Moderate
STU_2244,9.6,79.1,7,5,5.9,No,7.5,4.3,6,6,9,72.2,High
STU_2245,1.7,83.7,4,7,3.5,No,4.0,5.4,5,3,6,50.5,Moderate
STU_2246,6.5,95.3,6,4,6.9,No,6.7,1.6,6,5,5,38.8,Low
STU_2247,7.7,76.0,2,7,4.0,Yes,7.4,4.1,6,3,7,55.1,Moderate
STU_2248,6.9,100.0,3,7,8.6,Yes,7.0,3.8,5,5,4,29.6,Low
STU_2249,7.5,96.3,2,5,6.6,Yes,3.8,2.4,4,5,5,22.3,Low
STU_2250,7.9,75.3,7,7,4.0,No,6.9,4.5,5,3,3,60.4,Moderate
STU_2251,4.8,78.7,4,4,5.0,No,6.8,7.5,6,7,1,39.5,Low
STU_2252,6.3,92.4,7,3,4.7,Yes,6.9,1.7,5,7,6,54.7,Moderate
STU_2253,6.1,100.0,5,1,4.4,Yes,4.8,4.9,2,2,3,29.4,Low
STU_2254,5.1,73.1,2,7,5.0,No,2.8,2.9,4,9,5,47.1,Moderate
STU_2255,9.0,93.1,4,5,8.0,Yes,3.0,2.3,9,4,5,10.0,Low
STU_2256,5.5,73.5,3,5,6.4,No,8.1,4.2,8,5,6,35.0,Low
STU_2257,8.1,74.4,3,9,5.5,No,6.6,6.1,7,2,8,59.1,Moderate
STU_2258,8.5,88.5,4,2,9.5,Yes,6.8,2.1,5,6,8,23.9,Low
STU_2259,6.3,98.6,1,3,6.3,Yes,6.2,3.8,6,5,8,30.2,Low
STU_2260,6.5,88.6,7,6,6.3,Yes,7.5,3.9,5,2,5,51.8,Moderate
STU_2261,6.2,79.1,1,5,6.5,No,9.4,5.7,5,3,6,47.7,Moderate
STU_2262,6.9,76.7,6,4,7.1,No,1.5,5.2,3,6,6,39.8,Low
STU_2263,4.9,70.0,3,5,6.4,No,7.0,2.8,3,9,8,75.2,High
STU_2264,5.6,62.3,5,1,7.5,Yes,6.6,5.6,3,4,5,41.3,Low
STU_2265,7.0,81.8,4,5,7.5,Yes,4.7,4.0,1,6,5,55.0,Moderate
STU_2266,7.1,80.9,6,8,5.6,No,4.3,2.8,5,6,4,48.5,Moderate
STU_2267,4.8,77.2,4,3,7.3,Yes,5.6,1.4,5,6,2,10.0,Low
STU_2268,9.5,96.4,2,4,8.3,Yes,7.5,5.8,6,4,4,19.1,Low
STU_2269,6.4,68.4,5,4,7.3,Yes,6.1,3.2,7,6,4,20.4,Low
STU_2270,6.6,89.2,4,5,4.7,No,2.1,3.3,6,4,2,10.0,Low
STU_2271,5.5,72.0,4,5,5.2,Yes,1.5,3.6,6,7,7,35.5,Low
STU_2272,5.6,93.8,4,3,7.6,No,8.9,1.7,4,5,5,40.9,Low
STU_2273,6.8,84.0,4,2,4.1,No,3.0,3.7,7,5,7,26.2,Low
STU_2274,4.7,90.1,5,8,6.1,No,10.5,3.9,4,4,3,64.7,Moderate
STU_2275,6.9,77.4,3,4,8.0,No,5.4,2.8,7,5,4,21.7,Low
STU_2276,7.1,78.9,5,6,6.6,Yes,7.5,1.6,5,4,4,41.4,Low
STU_2277,8.7,88.8,5,6,6.4,Yes,9.8,2.9,5,6,5,65.3,Moderate
STU_2278,7.4,64.5,4,6,8.8,Yes,4.3,5.3,8,5,9,31.7,Low
STU_2279,8.0,60.7,3,5,6.9,No,5.9,3.7,6,2,1,10.0,Low
STU_2280,7.0,73.4,3,7,5.7,No,3.7,4.9,6,5,7,44.8,Moderate
STU_2281,6.8,80.3,5,6,6.2,No,4.1,3.2,5,1,1,16.1,Low
STU_2282,6.9,85.5,6,7,7.6,Yes,5.0,4.3,7,3,8,45.0,Moderate
STU_2283,6.2,82.8,5,6,6.0,Yes,5.8,3.9,6,3,8,41.3,Low
STU_2284,5.7,74.0,3,4,6.6,No,4.3,2.7,5,8,1,14.6,Low
STU_2285,7.1,88.6,6,8,6.5,Yes,4.6,3.1,9,6,2,14.6,Low
STU_2286,7.7,68.2,4,8,4.5,No,6.5,2.7,6,5,3,46.0,Moderate
STU_2287,5.6,94.8,6,6,5.9,Yes,3.5,2.9,2,7,3,46.3,Moderate
STU_2288,8.3,65.7,5,6,7.5,No,8.1,5.9,5,6,5,64.2,Moderate
STU_2289,3.3,95.1,6,5,7.1,No,6.4,3.2,7,7,5,38.7,Low
STU_2290,8.6,69.3,4,5,4.3,Yes,6.6,2.8,8,1,6,28.2,Low
STU_2291,5.2,94.7,4,4,6.2,No,4.6,6.0,6,9,4,34.1,Low
STU_2292,6.8,75.3,4,2,9.0,Yes,5.3,4.1,3,6,5,25.6,Low
STU_2293,7.3,100.0,3,4,6.7,Yes,6.1,3.1,3,5,6,37.2,Low
STU_2294,5.8,52.0,6,6,5.7,No,8.6,2.2,4,4,6,76.6,High
STU_2295,5.4,48.8,5,3,5.9,Yes,7.3,6.0,5,6,3,47.7,Moderate
STU_2296,8.0,84.2,4,5,5.7,Yes,2.2,5.2,4,3,6,34.8,Low
STU_2297,5.7,91.5,4,5,9.0,No,5.0,4.8,6,3,4,19.0,Low
STU_2298,7.9,90.6,7,7,6.5,Yes,7.2,4.7,8,5,5,47.2,Moderate
STU_2299,8.7,71.9,3,1,5.8,Yes,5.1,4.5,3,8,4,38.8,Low
STU_2300,10.0,98.1,5,7,4.9,No,2.2,5.4,3,5,2,36.1,Low
STU_2301,6.0,90.5,5,4,6.2,Yes,7.8,2.5,6,4,7,48.6,Moderate
STU_2302,6.9,77.1,8,4,6.2,Yes,8.0,4.7,8,8,5,52.3,Moderate
STU_2303,7.4,82.1,6,6,6.3,Yes,6.6,4.6,2,7,4,64.1,Moderate
STU_2304,3.4,98.4,7,5,5.2,Yes,5.8,3.0,6,2,7,46.2,Moderate
STU_2305,1.6,71.7,3,3,6.7,Yes,10.9,6.8,4,2,9,69.1,High
STU_2306,8.0,87.5,4,3,8.1,No,9.3,2.4,6,3,3,17.5,Low
STU_2307,3.8,86.3,3,5,6.9,No,6.4,3.5,5,5,6,47.4,Moderate
STU_2308,5.8,61.0,4,8,6.5,Yes,7.4,2.3,6,1,3,39.3,Low
STU_2309,8.9,100.0,5,9,5.5,No,9.0,3.5,2,5,6,88.5,High
STU_2310,4.3,69.8,5,1,4.2,No,4.6,1.3,9,4,5,19.0,Low
STU_2311,6.6,68.5,7,5,6.4,Yes,9.8,5.2,6,1,3,53.0,Moderate
STU_2312,2.7,58.1,3,8,6.9,Yes,3.3,0.5,6,8,6,40.0,Low
STU_2313,5.1,75.4,7,5,6.2,Yes,8.4,5.1,7,2,4,41.6,Low
STU_2314,5.6,71.6,1,4,9.2,Yes,6.2,1.2,2,3,1,10.0,Low
STU_2315,7.0,76.8,8,8,5.8,No,8.1,4.4,1,5,8,98.0,High
STU_2316,2.8,71.0,1,6,7.4,Yes,10.1,2.7,3,4,7,61.3,Moderate
STU_2317,6.4,90.8,3,4,6.5,Yes,9.5,3.9,5,5,7,44.8,Moderate
STU_2318,3.2,98.8,1,4,5.5,No,1.8,4.6,3,1,4,10.0,Low
STU_2319,8.4,79.0,1,3,6.4,Yes,5.1,5.0,4,5,8,41.0,Low
STU_2320,1.5,91.3,6,8,5.6,No,2.1,2.1,6,7,3,37.4,Low
STU_2321,5.9,66.9,8,6,5.9,No,3.6,2.4,5,3,5,44.9,Moderate
STU_2322,5.1,71.2,1,7,7.0,No,9.1,0.5,4,2,6,45.4,Moderate
STU_2323,9.1,81.6,7,7,3.5,No,7.3,5.8,4,6,7,92.7,High
STU_2324,6.4,73.6,4,4,6.0,No,5.8,2.4,9,5,2,12.4,Low
STU_2325,4.1,100.0,3,8,6.3,Yes,4.7,7.4,4,4,3,37.6,Low
STU_2326,8.4,75.0,7,5,7.0,Yes,7.8,5.6,6,5,6,59.7,Moderate
STU_2327,5.0,82.8,5,3,7.3,No,6.5,2.1,7,5,5,27.6,Low
STU_2328,6.4,70.5,6,7,7.0,No,9.6,2.7,2,3,5,74.5,High
STU_2329,7.7,94.8,5,8,7.9,Yes,7.8,3.5,2,5,3,51.4,Moderate
STU_2330,7.2,88.1,4,8,9.3,Yes,4.5,1.9,4,6,2,23.0,Low
STU_2331,6.5,83.1,4,7,6.8,No,4.4,5.0,6,4,3,24.0,Low
STU_2332,6.5,61.0,4,4,8.5,No,7.6,5.0,8,4,3,19.3,Low
STU_2333,6.7,79.1,1,5,7.0,No,4.3,2.2,2,8,9,58.2,Moderate
STU_2334,5.0,89.4,7,7,7.8,No,6.0,4.1,8,7,7,54.7,Moderate
STU_2335,6.8,80.7,4,1,6.1,No,5.0,2.9,4,4,5,23.0,Low
STU_2336,7.3,85.1,5,5,6.9,Yes,4.8,1.3,6,2,2,10.0,Low
STU_2337,6.4,75.0,8,3,5.9,Yes,5.5,4.1,7,7,8,55.8,Moderate
STU_2338,6.7,58.8,3,2,6.3,No,5.8,5.5,7,5,3,17.4,Low
STU_2339,2.9,75.5,6,1,6.8,No,5.9,5.1,7,6,2,21.2,Low
STU_2340,6.6,94.6,4,4,6.2,No,4.3,4.6,3,4,5,35.3,Low
STU_2341,3.6,94.6,2,7,7.8,Yes,6.5,3.7,6,1,1,10.0,Low
STU_2342,6.5,69.2,5,4,6.6,Yes,7.6,3.1,2,6,4,52.4,Moderate
STU_2343,5.7,94.3,5,4,5.7,Yes,6.7,2.0,5,7,4,41.1,Low
STU_2344,8.3,83.8,3,5,5.7,No,5.6,1.3,5,3,5,30.3,Low
STU_2345,7.2,95.2,2,1,7.7,Yes,6.6,3.6,5,5,8,28.8,Low
STU_2346,6.1,77.4,7,8,4.6,Yes,7.9,5.5,5,5,6,85.2,High
STU_2347,6.3,97.3,1,9,5.9,Yes,4.7,4.0,4,1,1,11.0,Low
STU_2348,6.0,94.8,5,6,6.1,No,2.8,3.6,2,7,6,56.1,Moderate
STU_2349,3.9,84.2,4,4,6.6,No,5.6,2.0,6,3,6,24.5,Low
STU_2350,8.4,76.0,3,6,6.6,Yes,10.2,5.8,5,4,4,51.5,Moderate
STU_2351,8.3,91.4,2,7,6.8,No,6.2,3.4,7,3,1,10.8,Low
STU_2352,9.2,84.2,5,6,6.3,Yes,1.7,4.4,6,2,3,10.0,Low
STU_2353,4.5,62.4,4,6,5.5,Yes,5.1,6.4,5,4,8,55.7,Moderate
STU_2354,8.0,74.8,2,5,4.5,No,5.8,5.4,8,7,5,40.0,Low
STU_2355,9.5,74.4,5,4,7.1,Yes,5.4,4.2,2,5,7,49.8,Moderate
STU_2356,7.9,80.9,1,4,5.1,Yes,6.0,0.5,5,4,3,12.0,Low
STU_2357,6.8,60.3,2,6,7.6,No,6.8,3.5,3,6,5,47.2,Moderate
STU_2358,5.1,87.3,8,4,7.5,No,8.1,4.2,5,6,2,46.1,Moderate
STU_2359,5.4,85.0,3,6,7.3,Yes,8.0,4.5,6,4,4,31.9,Low
STU_2360,4.8,80.4,4,3,6.1,No,3.5,3.7,7,4,5,18.0,Low
STU_2361,6.7,100.0,2,6,7.0,Yes,10.0,3.0,2,3,1,42.1,Moderate
STU_2362,6.7,87.1,4,6,5.6,No,8.6,3.4,5,4,6,57.1,Moderate
STU_2363,8.0,62.2,1,5,4.1,Yes,6.6,3.6,4,8,6,53.3,Moderate
STU_2364,11.2,81.3,8,5,7.5,No,6.9,4.9,4,5,4,50.4,Moderate
STU_2365,4.3,49.9,5,4,5.1,Yes,7.2,1.0,4,4,6,54.4,Moderate
STU_2366,5.5,54.9,6,1,7.7,Yes,4.1,2.4,3,4,3,19.2,Low
STU_2367,5.8,90.1,3,5,7.4,No,6.9,0.5,1,4,2,33.0,Low
STU_2368,5.3,100.0,4,3,3.5,No,5.6,2.4,9,4,3,11.3,Low
STU_2369,8.2,73.2,6,5,5.8,No,11.9,3.2,8,1,6,58.1,Moderate
STU_2370,7.2,100.0,1,2,7.7,No,9.4,6.5,5,4,7,38.2,Low
STU_2371,5.6,72.9,4,5,6.0,No,7.6,4.4,6,3,3,36.2,Low
STU_2372,7.7,65.3,6,7,3.7,Yes,6.9,3.5,3,6,4,76.6,High
STU_2373,7.8,73.1,7,2,7.8,No,8.0,3.2,3,6,3,43.1,Moderate
STU_2374,6.7,93.5,5,8,7.3,No,4.4,2.5,3,4,4,45.6,Moderate
STU_2375,6.9,77.8,6,4,7.6,No,3.7,6.2,9,7,3,13.3,Low
STU_2376,6.0,100.0,6,6,4.9,No,8.7,2.8,5,3,4,56.1,Moderate
STU_2377,5.7,68.1,4,9,6.2,No,6.8,4.2,8,5,2,40.1,Low
STU_2378,5.0,87.3,1,7,8.3,Yes,6.8,5.4,3,6,4,44.4,Moderate
STU_2379,9.2,73.4,3,5,8.3,Yes,5.1,4.1,6,3,5,19.4,Low
STU_2380,6.7,100.0,5,2,6.6,Yes,5.4,4.0,5,2,4,13.1,Low
STU_2381,7.0,98.8,2,8,6.5,Yes,1.5,2.3,5,3,5,10.0,Low
STU_2382,3.6,89.8,3,3,4.7,No,5.3,5.1,3,7,6,61.3,Moderate
STU_2383,6.7,73.6,2,2,7.0,Yes,7.9,0.5,6,4,6,19.7,Low
STU_2384,9.6,92.6,4,3,8.8,Yes,5.7,1.3,5,7,1,10.0,Low
STU_2385,6.0,82.9,6,6,8.0,Yes,5.7,2.5,7,2,2,10.0,Low
STU_2386,8.0,83.3,6,6,3.8,No,11.6,4.1,4,7,7,98.0,High
STU_2387,3.8,90.3,5,8,6.0,Yes,5.6,3.3,8,3,6,35.3,Low
STU_2388,6.1,75.2,3,7,8.1,No,4.7,6.6,4,3,6,45.5,Moderate
STU_2389,6.1,82.2,3,4,7.0,Yes,6.6,4.4,9,4,4,13.9,Low
STU_2390,8.4,76.8,4,5,5.7,No,4.6,5.4,9,6,1,10.0,Low
STU_2391,9.1,86.3,6,4,6.7,Yes,8.5,4.3,7,7,5,45.3,Moderate
STU_2392,6.8,82.5,4,4,7.6,Yes,5.1,2.5,4,2,6,23.4,Low
STU_2393,4.2,82.5,3,4,4.6,No,9.5,2.3,3,3,6,59.0,Moderate
STU_2394,5.1,78.4,6,8,4.8,Yes,3.5,3.0,8,3,7,44.9,Moderate
STU_2395,7.3,78.0,9,3,8.2,Yes,4.0,1.0,5,7,6,38.9,Low
STU_2396,6.9,76.7,4,4,9.1,Yes,5.7,2.4,6,5,5,12.6,Low
STU_2397,4.7,84.0,3,4,6.9,Yes,8.6,6.3,9,6,8,41.0,Low
STU_2398,5.3,81.1,4,8,9.9,Yes,5.4,6.3,6,6,5,32.3,Low
STU_2399,4.5,65.2,6,5,7.3,Yes,9.2,5.0,4,5,4,56.6,Moderate
STU_2400,6.7,64.9,3,4,8.7,Yes,6.2,4.7,6,4,6,27.8,Low
STU_2401,8.8,82.8,1,2,6.6,No,4.8,8.1,4,4,7,32.9,Low
STU_2402,7.0,86.6,8,3,5.0,Yes,4.2,4.5,6,6,5,39.8,Low
STU_2403,6.8,83.8,5,6,6.1,No,4.9,3.9,6,3,4,37.4,Low
STU_2404,7.0,85.7,4,3,6.0,No,4.6,4.9,5,3,7,39.3,Low
STU_2405,4.9,60.4,6,5,6.0,No,5.0,1.1,4,5,7,60.2,Moderate
STU_2406,9.0,94.3,3,1,6.7,Yes,5.4,1.4,7,5,8,15.7,Low
STU_2407,5.1,57.9,5,6,4.2,No,6.1,2.4,9,7,7,54.4,Moderate
STU_2408,6.1,88.9,4,6,6.1,No,8.6,4.1,5,7,5,58.0,Moderate
STU_2409,7.5,69.5,3,8,4.8,Yes,9.4,4.2,9,5,3,36.7,Low
STU_2410,8.6,66.1,1,4,6.4,Yes,8.3,1.7,5,3,7,32.0,Low
STU_2411,11.2,77.3,8,4,5.3,Yes,5.3,5.3,6,4,5,44.2,Moderate
STU_2412,5.7,100.0,2,7,6.1,Yes,6.9,3.1,5,3,4,29.7,Low
STU_2413,8.6,93.4,4,5,7.9,Yes,6.6,3.7,6,3,5,24.8,Low
STU_2414,7.7,100.0,5,4,7.8,Yes,5.5,6.2,4,2,3,18.3,Low
STU_2415,6.6,92.8,4,1,5.7,Yes,6.3,2.9,7,3,2,10.0,Low
STU_2416,6.0,80.4,6,6,5.7,Yes,10.3,1.3,6,1,7,57.2,Moderate
STU_2417,8.0,99.2,2,6,7.8,Yes,4.8,2.2,7,4,4,10.0,Low
STU_2418,6.8,81.6,6,5,7.6,No,2.9,5.2,2,4,6,47.5,Moderate
STU_2419,4.9,90.7,5,5,6.6,No,8.5,4.6,7,4,5,43.2,Moderate
STU_2420,7.7,76.2,4,5,5.4,No,3.8,4.5,4,1,3,18.8,Low
STU_2421,8.5,88.6,6,6,8.6,Yes,4.1,5.5,6,6,8,47.2,Moderate
STU_2422,6.7,72.9,7,4,7.2,No,6.1,1.9,5,7,5,56.1,Moderate
STU_2423,7.1,59.2,5,7,8.8,No,5.9,5.5,3,3,3,52.0,Moderate
STU_2424,6.3,74.5,6,5,6.5,Yes,6.8,3.2,8,4,6,40.3,Low
STU_2425,7.2,88.8,1,4,5.4,No,6.5,6.4,7,7,4,31.6,Low
STU_2426,5.6,84.6,3,3,8.1,No,2.7,2.3,5,4,5,10.0,Low
STU_2427,9.3,85.5,3,4,7.5,Yes,5.2,5.3,6,4,3,16.1,Low
STU_2428,4.5,91.6,5,3,6.2,No,9.9,0.9,5,4,4,41.4,Low
STU_2429,4.2,83.3,4,2,6.9,Yes,5.4,2.6,4,4,8,32.4,Low
STU_2430,7.2,85.3,5,5,4.4,Yes,5.6,2.4,3,5,5,52.2,Moderate
STU_2431,8.4,82.9,8,3,8.0,No,4.0,4.9,5,4,7,44.3,Moderate
STU_2432,3.8,78.8,6,5,7.0,No,6.5,4.9,6,6,4,40.9,Low
STU_2433,6.0,64.1,4,4,6.6,Yes,6.4,4.6,5,4,3,27.2,Low
STU_2434,4.9,100.0,4,5,9.0,Yes,7.1,0.5,4,6,3,16.0,Low
STU_2435,7.8,98.7,2,2,6.5,Yes,9.5,4.6,1,6,4,49.4,Moderate
STU_2436,7.6,68.8,4,4,7.4,Yes,7.3,3.8,6,9,3,36.5,Low
STU_2437,6.2,95.1,4,4,7.8,No,7.5,3.2,1,7,1,50.5,Moderate
STU_2438,5.4,75.4,2,4,6.1,Yes,9.6,3.8,9,9,6,43.0,Moderate
STU_2439,5.4,87.3,4,4,7.8,Yes,7.9,5.7,6,3,6,35.1,Low
STU_2440,5.0,89.2,4,5,4.2,Yes,3.3,3.1,3,7,5,61.1,Moderate
STU_2441,4.2,54.2,1,4,6.2,No,3.9,0.7,3,3,3,18.5,Low
STU_2442,10.2,93.1,7,5,4.8,No,9.7,3.3,3,6,2,67.3,Moderate
STU_2443,5.6,71.3,7,5,5.1,No,8.8,6.8,5,3,3,66.4,Moderate
STU_2444,7.1,82.9,2,6,6.9,Yes,6.8,2.9,7,4,6,22.1,Low
STU_2445,6.7,79.9,6,5,5.9,Yes,6.1,3.8,3,4,1,37.2,Low
STU_2446,2.2,82.5,5,6,4.2,Yes,2.2,2.4,3,4,5,41.7,Low
STU_2447,5.9,69.9,4,3,8.4,No,2.5,3.3,5,3,5,14.5,Low
STU_2448,4.0,71.8,6,3,7.0,Yes,8.6,5.0,5,5,6,54.6,Moderate
STU_2449,4.8,83.6,7,2,6.8,No,8.0,4.4,6,6,4,47.4,Moderate
STU_2450,6.4,86.8,8,1,8.5,No,8.5,7.0,6,4,9,61.5,Moderate
STU_2451,6.9,45.0,1,6,6.3,Yes,9.7,3.9,6,3,5,45.8,Moderate
STU_2452,8.1,81.6,3,7,7.8,No,6.4,1.7,6,4,6,29.2,Low
STU_2453,7.8,73.7,6,4,7.2,Yes,5.6,4.4,9,6,6,26.8,Low
STU_2454,7.9,85.0,1,5,7.1,Yes,7.1,2.9,4,3,5,24.4,Low
STU_2455,9.7,86.8,4,1,6.2,No,2.9,1.8,4,5,6,21.6,Low
STU_2456,6.3,81.9,4,5,7.3,Yes,5.0,1.7,1,4,5,43.4,Moderate
STU_2457,4.0,94.2,6,6,4.8,Yes,6.4,3.7,6,6,6,54.1,Moderate
STU_2458,4.1,82.3,1,9,8.5,Yes,5.9,4.0,8,4,4,20.2,Low
STU_2459,5.6,90.0,5,4,5.1,Yes,8.5,4.2,8,5,6,41.8,Low
STU_2460,9.0,73.0,3,1,3.5,Yes,4.2,3.6,6,8,9,51.7,Moderate
STU_2461,7.2,100.0,7,6,5.1,Yes,4.3,2.9,3,5,6,56.5,Moderate
STU_2462,6.1,90.2,7,3,7.6,Yes,9.9,3.2,6,2,5,38.9,Low
STU_2463,8.4,82.9,7,3,4.6,Yes,5.8,2.3,6,7,5,37.8,Low
STU_2464,7.2,89.5,2,4,6.2,Yes,4.4,5.5,5,4,3,12.7,Low
STU_2465,7.7,92.8,5,6,5.1,No,9.0,3.2,4,1,2,47.3,Moderate
STU_2466,8.9,61.9,2,5,7.2,Yes,4.7,6.2,3,6,4,33.1,Low
STU_2467,7.1,83.9,4,5,7.9,No,9.5,5.6,8,3,5,36.5,Low
STU_2468,5.4,81.7,3,5,4.5,Yes,5.5,0.9,7,7,4,29.9,Low
STU_2469,6.4,90.3,7,5,4.6,Yes,8.6,4.0,5,2,4,53.0,Moderate
STU_2470,3.6,81.9,3,6,5.8,No,8.2,3.0,5,1,4,37.3,Low
STU_2471,4.8,84.2,1,9,9.8,Yes,9.7,4.3,2,6,5,61.2,Moderate
STU_2472,7.6,99.8,3,4,5.4,Yes,7.5,4.6,5,1,4,23.2,Low
STU_2473,9.8,76.5,4,7,7.2,No,11.4,1.9,6,8,6,76.5,High
STU_2474,4.7,100.0,8,7,6.6,No,7.0,3.5,6,7,7,67.5,Moderate
STU_2475,4.2,87.7,7,4,6.5,No,8.5,3.8,6,6,3,45.7,Moderate
STU_2476,5.1,66.3,7,6,6.7,Yes,3.7,2.9,4,3,6,36.8,Low
STU_2477,8.6,100.0,3,9,5.4,Yes,8.2,4.1,6,6,2,38.7,Low
STU_2478,8.7,77.7,4,4,6.3,No,5.1,5.9,5,5,4,41.9,Low
STU_2479,6.9,93.8,2,6,6.2,Yes,3.4,5.0,4,5,6,26.8,Low
STU_2480,10.9,83.2,7,4,4.6,Yes,4.2,3.3,1,4,7,66.9,Moderate
STU_2481,6.2,79.3,5,4,5.5,No,6.0,5.2,7,4,2,32.6,Low
STU_2482,6.5,71.6,4,9,6.4,No,4.0,6.5,6,7,8,69.6,High
STU_2483,7.6,83.5,4,7,3.5,No,7.4,3.4,5,4,2,52.1,Moderate
STU_2484,7.3,67.7,3,6,7.6,Yes,3.2,6.1,4,7,3,22.9,Low
STU_2485,3.7,69.5,2,4,7.6,Yes,7.3,4.0,5,6,5,37.4,Low
STU_2486,5.7,84.0,6,8,3.6,Yes,5.4,1.1,7,4,1,30.7,Low
STU_2487,8.0,89.5,6,7,6.6,Yes,7.3,3.5,7,5,5,50.7,Moderate
STU_2488,3.9,83.3,4,9,7.7,No,6.8,3.4,7,3,3,31.6,Low
STU_2489,7.6,92.8,3,4,8.0,Yes,8.2,7.2,5,5,2,26.0,Low
STU_2490,3.9,100.0,1,2,5.1,Yes,4.0,4.6,6,5,4,10.0,Low
STU_2491,5.1,70.3,7,3,7.7,Yes,8.5,4.1,8,7,1,26.7,Low
STU_2492,7.6,66.7,8,3,6.3,Yes,7.7,5.1,6,5,4,54.3,Moderate
STU_2493,4.6,73.0,3,2,8.8,Yes,6.1,5.6,3,3,3,13.0,Low
STU_2494,7.8,93.1,4,5,6.9,No,7.6,4.1,3,6,3,49.9,Moderate
STU_2495,8.7,93.1,4,5,6.3,No,9.9,5.7,6,7,6,67.1,Moderate
STU_2496,5.7,87.1,2,5,7.8,No,5.4,7.0,7,5,2,10.0,Low
STU_2497,6.3,59.5,5,5,7.3,Yes,3.4,2.9,7,2,4,10.0,Low
STU_2498,3.5,71.9,7,4,6.5,Yes,7.2,4.2,5,4,3,39.0,Low
STU_2499,8.2,68.6,6,4,7.5,Yes,3.6,3.4,7,4,5,15.7,Low
STU_2500,5.5,93.5,5,6,5.6,No,8.3,3.6,3,5,4,56.3,Moderate
STU_2501,4.8,100.0,7,8,6.1,Yes,5.2,4.4,5,5,3,46.3,Moderate
STU_2502,4.3,63.2,6,4,7.9,No,10.2,2.6,3,3,5,59.1,Moderate
STU_2503,6.0,77.0,4,6,4.9,Yes,6.2,4.4,5,1,8,54.3,Moderate
STU_2504,6.1,80.6,3,6,7.1,No,8.5,6.2,5,5,1,37.5,Low
STU_2505,4.0,79.7,1,3,5.8,Yes,6.5,6.4,6,6,5,27.8,Low
STU_2506,5.2,83.6,5,5,4.9,No,4.6,4.5,8,4,4,29.6,Low
STU_2507,8.2,97.6,4,5,7.0,Yes,6.8,3.6,7,4,1,10.4,Low
STU_2508,5.1,75.1,1,5,6.7,Yes,8.4,3.0,6,8,5,36.0,Low
STU_2509,7.6,70.8,6,3,4.5,No,5.3,3.8,4,8,8,71.9,High
STU_2510,7.1,53.5,5,8,4.3,Yes,3.1,3.8,8,4,4,31.0,Low
STU_2511,4.7,100.0,3,7,6.7,No,2.7,4.1,7,2,5,11.4,Low
STU_2512,10.7,78.4,5,6,8.4,Yes,7.3,3.5,5,1,5,32.0,Low
STU_2513,5.4,100.0,6,6,6.2,Yes,6.9,1.8,5,5,5,48.5,Moderate
STU_2514,6.9,77.5,6,5,5.6,Yes,9.6,7.8,3,5,3,73.0,High
STU_2515,7.4,83.7,2,4,5.5,Yes,9.1,5.9,6,7,5,48.9,Moderate
STU_2516,9.1,90.3,2,4,7.2,No,3.8,5.7,6,5,4,13.1,Low
STU_2517,8.0,66.1,6,4,7.3,Yes,5.8,5.9,8,8,7,42.9,Moderate
STU_2518,8.4,89.9,3,4,8.3,No,7.5,3.3,3,3,1,21.4,Low
STU_2519,5.8,71.6,5,6,6.1,Yes,8.9,1.6,2,4,5,65.3,Moderate
STU_2520,3.5,84.6,3,4,8.1,Yes,6.0,1.8,3,6,4,27.9,Low
STU_2521,4.4,79.3,6,3,3.8,Yes,9.1,4.1,4,3,7,66.5,Moderate
STU_2522,6.5,50.2,6,5,7.1,Yes,5.6,3.6,6,4,5,40.4,Low
STU_2523,7.6,74.3,1,3,5.4,No,6.9,4.8,6,8,4,36.1,Low
STU_2524,5.8,71.4,6,2,6.9,Yes,6.6,3.8,3,6,8,59.6,Moderate
STU_2525,6.4,82.6,6,5,6.2,Yes,5.0,4.3,4,8,4,47.5,Moderate
STU_2526,5.8,58.0,2,6,5.2,Yes,3.9,3.4,6,1,6,25.3,Low
STU_2527,7.1,66.3,5,5,5.7,Yes,9.7,5.5,5,6,8,81.6,High
STU_2528,5.4,85.0,4,5,7.6,No,6.9,4.9,6,4,3,34.2,Low
STU_2529,5.9,100.0,4,5,5.3,Yes,6.0,3.1,5,6,4,39.2,Low
STU_2530,6.8,83.4,7,8,7.6,No,3.1,2.9,5,6,3,35.0,Low
STU_2531,8.1,88.2,4,7,4.0,Yes,10.8,2.7,4,6,4,69.2,High
STU_2532,5.0,82.8,1,6,8.9,No,5.5,2.5,3,5,2,18.5,Low
STU_2533,4.8,83.7,5,8,5.6,Yes,6.9,4.8,6,2,3,41.4,Low
STU_2534,9.7,53.4,3,3,4.5,No,7.1,0.7,6,7,8,55.2,Moderate
STU_2535,7.0,77.2,5,5,7.2,No,6.9,2.3,9,4,6,32.9,Low
STU_2536,11.1,75.0,5,9,8.2,Yes,9.8,5.5,3,4,5,70.2,High
STU_2537,7.9,61.7,6,2,8.9,Yes,6.7,2.7,3,9,8,54.7,Moderate
STU_2538,6.8,92.4,4,3,5.3,Yes,6.5,5.5,8,4,4,20.9,Low
STU_2539,7.0,89.1,5,7,6.2,Yes,5.6,2.2,7,9,4,43.3,Moderate
STU_2540,5.2,64.6,5,5,5.2,Yes,4.9,4.2,5,2,6,41.6,Low
STU_2541,5.1,97.5,9,8,6.0,Yes,4.9,3.4,1,9,5,80.8,High
STU_2542,7.3,63.7,4,7,4.9,No,10.6,5.2,2,4,1,73.9,High
STU_2543,1.2,81.8,1,5,7.9,Yes,4.9,7.2,4,7,5,31.2,Low
STU_2544,8.6,85.9,6,1,6.6,Yes,8.9,2.0,4,6,6,47.8,Moderate
STU_2545,5.5,93.2,4,3,6.3,No,9.0,3.2,5,3,7,49.3,Moderate
STU_2546,5.1,73.4,5,5,6.7,Yes,6.1,6.6,5,7,5,51.0,Moderate
STU_2547,6.1,64.1,4,2,6.0,Yes,7.6,3.6,5,1,6,32.4,Low
STU_2548,10.1,100.0,6,3,6.2,Yes,7.0,5.7,7,3,6,39.6,Low
STU_2549,6.5,98.3,3,8,9.2,Yes,7.5,4.9,5,6,9,58.7,Moderate
STU_2550,6.0,100.0,5,6,8.7,Yes,7.2,2.6,8,5,6,30.5,Low
STU_2551,6.8,96.7,3,3,6.7,No,7.9,3.5,7,2,1,10.0,Low
STU_2552,6.0,79.0,5,6,8.9,No,2.3,4.1,3,4,7,42.3,Moderate
STU_2553,7.1,63.5,5,3,6.6,No,5.6,4.6,7,8,6,48.9,Moderate
STU_2554,8.8,76.4,6,7,6.3,Yes,3.3,4.1,5,6,5,50.2,Moderate
STU_2555,5.2,86.2,5,7,7.2,Yes,4.7,1.7,5,5,4,31.9,Low
STU_2556,5.0,82.8,2,5,6.7,Yes,8.3,4.1,3,4,5,44.4,Moderate
STU_2557,9.5,93.8,4,2,7.0,No,7.0,5.0,4,6,5,43.0,Moderate
STU_2558,7.2,70.9,5,4,5.2,No,4.7,1.6,9,4,5,24.0,Low
STU_2559,6.3,82.0,7,4,7.9,No,5.9,6.6,6,2,6,42.6,Moderate
STU_2560,6.8,78.9,5,7,6.7,No,3.3,3.3,2,6,3,45.5,Moderate
STU_2561,7.9,82.6,6,3,7.1,No,10.9,3.3,8,7,2,37.0,Low
STU_2562,5.1,65.5,4,6,8.8,Yes,6.9,2.7,4,3,6,39.9,Low
STU_2563,8.3,77.9,4,3,4.7,Yes,3.4,7.2,5,2,4,32.1,Low
STU_2564,3.0,79.7,4,9,6.3,No,4.8,2.7,8,5,4,35.4,Low
STU_2565,6.1,79.2,4,4,7.3,Yes,3.6,2.1,3,3,3,16.0,Low
STU_2566,11.0,85.2,3,5,8.9,No,6.2,3.9,5,7,4,29.2,Low
STU_2567,4.5,99.3,6,2,6.0,No,4.9,6.2,8,3,3,21.3,Low
STU_2568,9.2,80.8,5,6,6.8,Yes,6.6,4.1,9,4,6,30.8,Low
STU_2569,7.8,76.5,7,3,7.3,Yes,6.5,5.0,4,1,4,35.7,Low
STU_2570,8.6,61.0,6,2,4.8,Yes,2.8,3.4,5,8,4,30.0,Low
STU_2571,5.7,81.1,6,3,3.8,No,6.6,2.9,5,8,3,45.7,Moderate
STU_2572,4.6,91.0,6,6,5.5,Yes,4.0,4.8,2,4,4,51.9,Moderate
STU_2573,7.1,83.0,2,5,6.0,Yes,2.1,4.5,4,3,5,15.0,Low
STU_2574,5.0,91.2,1,3,6.3,Yes,9.2,1.8,5,2,6,28.9,Low
STU_2575,5.3,87.5,5,7,4.0,Yes,7.6,2.0,8,2,3,35.0,Low
STU_2576,5.8,74.9,7,7,5.2,Yes,5.0,2.3,5,3,5,44.8,Moderate
STU_2577,4.4,82.3,2,8,4.6,No,9.3,4.2,7,6,2,48.7,Moderate
STU_2578,5.2,68.3,3,6,6.4,No,5.2,5.1,8,4,4,29.3,Low
STU_2579,3.2,94.9,8,3,7.5,No,7.6,1.2,4,3,3,39.4,Low
STU_2580,7.9,86.7,9,8,5.4,No,5.9,6.4,7,5,6,64.6,Moderate
STU_2581,8.6,80.8,4,3,6.6,No,6.9,3.3,6,3,4,17.5,Low
STU_2582,6.6,83.7,4,5,7.6,Yes,6.7,2.4,4,3,7,34.2,Low
STU_2583,7.9,53.3,2,6,7.3,No,5.9,6.1,4,3,1,23.2,Low
STU_2584,7.6,62.5,3,5,6.5,Yes,6.2,3.1,2,4,6,51.1,Moderate
STU_2585,4.8,83.9,3,7,6.1,Yes,7.3,1.9,4,5,7,60.0,Moderate
STU_2586,4.5,58.8,1,7,5.0,No,1.5,3.2,9,1,2,10.0,Low
STU_2587,7.3,82.8,2,8,4.7,No,5.3,3.1,6,6,5,49.2,Moderate
STU_2588,7.2,88.7,7,5,7.3,Yes,6.3,5.9,5,5,4,42.7,Moderate
STU_2589,4.7,77.1,6,8,8.0,Yes,5.4,2.5,5,7,4,44.8,Moderate
STU_2590,4.6,70.3,5,5,5.4,Yes,6.4,4.0,5,7,6,58.5,Moderate
STU_2591,6.4,69.8,4,7,6.2,No,4.1,5.6,5,1,3,30.1,Low
STU_2592,3.5,71.6,3,5,8.1,Yes,3.0,3.5,3,4,6,24.2,Low
STU_2593,5.1,77.8,2,5,5.3,No,11.0,0.5,1,2,3,56.6,Moderate
STU_2594,9.8,75.8,6,5,7.1,Yes,7.4,3.9,2,7,5,59.0,Moderate
STU_2595,9.5,73.9,4,9,5.4,Yes,7.6,0.5,4,9,9,85.7,High
STU_2596,7.4,83.3,3,4,4.8,Yes,5.2,2.8,4,4,6,35.8,Low
STU_2597,7.0,95.4,3,4,8.3,No,5.8,1.9,5,3,9,30.8,Low
STU_2598,6.3,78.1,4,5,7.6,Yes,4.4,0.5,3,8,3,23.7,Low
STU_2599,4.9,63.7,2,8,4.7,No,6.2,4.9,4,5,4,51.9,Moderate
STU_2600,8.3,76.6,3,5,8.2,No,4.9,4.4,3,5,9,59.2,Moderate
STU_2601,4.2,100.0,5,4,7.1,Yes,6.7,2.1,5,4,5,29.6,Low
STU_2602,6.9,74.2,7,9,8.3,No,6.6,3.7,4,6,6,73.9,High
STU_2603,8.1,71.6,5,5,6.3,No,7.5,4.6,7,6,3,36.4,Low
STU_2604,7.8,88.6,8,4,4.6,No,5.9,4.9,5,4,9,76.2,High
STU_2605,7.3,66.2,8,7,7.6,No,6.7,4.9,6,1,6,58.0,Moderate
STU_2606,2.5,64.1,3,3,7.7,No,6.5,4.0,6,7,1,20.7,Low
STU_2607,6.9,74.1,6,4,6.8,Yes,7.9,2.5,3,7,3,52.1,Moderate
STU_2608,6.9,96.3,6,7,8.6,No,3.9,5.0,4,8,5,53.2,Moderate
STU_2609,6.1,94.8,6,5,6.3,No,7.1,3.2,9,5,7,38.6,Low
STU_2610,9.3,85.6,6,7,7.1,No,4.0,3.7,6,6,4,39.7,Low
STU_2611,5.6,83.8,6,5,5.4,No,4.5,2.5,5,9,5,49.0,Moderate
STU_2612,8.8,92.0,2,3,7.0,No,8.5,3.8,6,5,6,40.3,Low
STU_2613,8.0,88.4,6,3,7.7,No,1.5,4.4,2,5,8,44.1,Moderate
STU_2614,9.0,71.9,6,5,4.4,Yes,7.7,2.6,4,5,3,55.4,Moderate
STU_2615,7.0,86.5,4,5,6.2,No,8.3,3.8,1,2,3,53.3,Moderate
STU_2616,4.2,84.0,5,8,7.3,Yes,5.4,5.0,2,4,7,67.7,Moderate
STU_2617,7.2,93.1,4,6,7.3,No,6.0,2.8,8,3,6,19.0,Low
STU_2618,7.3,100.0,5,6,6.0,Yes,6.0,5.5,2,5,7,71.3,High
STU_2619,11.2,84.1,4,6,6.9,Yes,4.5,2.3,3,3,1,22.6,Low
STU_2620,3.4,71.2,3,3,6.7,Yes,4.2,3.4,7,6,4,10.3,Low
STU_2621,4.8,73.5,4,1,6.5,Yes,4.7,4.3,5,3,6,21.4,Low
STU_2622,5.8,67.2,7,6,8.3,No,1.5,1.0,3,7,7,48.7,Moderate
STU_2623,7.7,64.4,6,5,6.0,Yes,3.3,5.9,2,6,4,53.6,Moderate
STU_2624,9.8,64.7,5,9,3.5,Yes,7.8,3.9,5,5,2,61.5,Moderate
STU_2625,4.2,89.9,4,3,4.3,No,4.3,4.1,1,6,2,43.6,Moderate
STU_2626,3.3,96.1,6,1,6.2,Yes,9.0,4.2,6,4,6,37.5,Low
STU_2627,7.8,86.0,1,3,7.7,No,7.2,4.1,6,3,2,10.0,Low
STU_2628,6.2,91.9,2,4,5.1,Yes,8.4,1.5,8,6,2,15.6,Low
STU_2629,2.8,81.0,7,7,4.7,Yes,7.6,4.9,4,7,5,78.9,High
STU_2630,8.0,72.1,3,6,4.5,Yes,6.7,3.0,3,7,8,64.0,Moderate
STU_2631,5.6,88.5,8,3,8.2,Yes,4.9,3.5,2,3,4,39.6,Low
STU_2632,7.0,64.3,6,7,5.0,No,4.2,4.1,6,5,7,63.8,Moderate
STU_2633,6.4,95.1,7,5,5.4,Yes,4.9,5.9,4,7,4,51.9,Moderate
STU_2634,8.6,70.6,6,2,5.2,No,6.6,4.1,6,5,3,29.5,Low
STU_2635,4.4,89.1,7,8,6.8,No,6.8,2.9,4,2,7,67.3,Moderate
STU_2636,7.2,83.3,2,5,7.5,No,8.7,5.9,5,2,5,42.6,Moderate
STU_2637,5.6,93.0,5,6,5.4,Yes,3.0,3.8,7,6,6,26.0,Low
STU_2638,8.5,73.6,4,4,7.4,Yes,6.8,4.5,4,4,3,27.3,Low
STU_2639,4.4,100.0,5,3,6.1,Yes,9.5,1.9,7,3,3,29.0,Low
STU_2640,5.9,68.2,5,5,6.0,No,7.2,4.2,4,6,4,60.1,Moderate
STU_2641,3.7,81.7,6,6,4.9,No,9.5,4.7,5,3,3,61.4,Moderate
STU_2642,5.3,62.2,2,3,6.8,No,7.4,3.0,5,5,1,17.0,Low
STU_2643,7.8,50.2,5,3,5.8,Yes,8.1,4.3,9,4,3,25.1,Low
STU_2644,5.9,81.6,4,6,7.6,Yes,3.3,4.2,3,8,7,55.1,Moderate
STU_2645,10.0,82.2,5,3,7.7,Yes,4.2,5.9,4,5,6,37.1,Low
STU_2646,4.4,82.4,7,6,6.1,No,3.2,3.8,6,6,1,27.2,Low
STU_2647,6.0,93.0,5,5,7.7,Yes,5.9,4.5,4,6,8,52.3,Moderate
STU_2648,7.9,75.8,5,9,4.7,Yes,5.3,4.8,3,7,6,80.9,High
STU_2649,6.4,81.5,5,4,4.6,No,7.3,1.1,8,8,3,41.8,Low
STU_2650,5.0,80.9,8,5,6.0,No,7.4,0.5,1,4,7,81.3,High
STU_2651,6.6,76.3,5,6,6.3,No,9.8,5.4,9,6,7,59.1,Moderate
STU_2652,6.6,79.4,5,3,5.5,Yes,9.1,5.1,6,4,6,56.3,Moderate
STU_2653,4.9,86.5,5,4,4.7,Yes,10.4,7.0,7,3,1,35.4,Low
STU_2654,5.9,68.5,3,5,4.8,Yes,5.8,2.8,6,2,6,38.2,Low
STU_2655,8.2,68.9,6,6,3.8,No,4.2,4.4,6,5,5,56.6,Moderate
STU_2656,2.3,77.8,3,4,6.0,No,7.5,2.5,7,8,6,38.1,Low
STU_2657,8.4,84.5,5,4,5.3,No,4.5,3.0,8,1,5,14.6,Low
STU_2658,7.6,80.6,5,3,6.0,Yes,4.9,3.1,2,7,3,43.4,Moderate
STU_2659,8.0,89.4,7,4,3.5,Yes,3.0,4.1,6,7,7,51.7,Moderate
STU_2660,6.0,91.7,5,6,6.9,No,8.8,1.9,6,4,5,50.0,Moderate
STU_2661,6.4,80.2,7,8,8.5,No,2.9,5.5,4,6,5,51.3,Moderate
STU_2662,6.2,87.8,6,7,4.5,No,6.3,5.5,6,1,4,49.0,Moderate
STU_2663,6.9,65.5,4,2,5.1,Yes,3.9,1.6,4,6,4,21.6,Low
STU_2664,7.7,96.2,5,8,4.6,Yes,6.6,4.1,4,3,4,59.0,Moderate
STU_2665,9.9,84.9,3,1,6.1,Yes,6.8,4.9,2,4,2,27.9,Low
STU_2666,5.8,50.4,6,4,7.1,No,7.9,2.7,7,1,4,31.8,Low
STU_2667,9.3,100.0,2,6,6.4,Yes,2.9,3.4,6,4,4,10.0,Low
STU_2668,5.5,74.2,4,4,7.0,Yes,8.2,6.4,3,4,9,70.3,High
STU_2669,6.5,78.6,6,9,4.7,Yes,9.9,4.0,7,2,3,59.3,Moderate
STU_2670,6.8,67.9,6,5,6.9,No,6.2,6.3,5,3,7,49.2,Moderate
STU_2671,6.6,82.0,4,5,3.7,Yes,4.5,1.7,4,2,2,17.8,Low
STU_2672,8.4,68.3,5,4,5.1,Yes,6.6,7.5,7,1,3,32.6,Low
STU_2673,7.5,68.4,4,3,7.7,Yes,10.2,3.3,6,5,4,40.2,Low
STU_2674,6.8,91.1,5,4,6.0,Yes,8.9,5.5,6,4,3,36.6,Low
STU_2675,5.0,97.0,8,4,5.2,No,7.1,0.8,2,4,5,66.7,Moderate
STU_2676,7.0,100.0,2,6,7.2,No,5.0,0.9,6,2,5,12.4,Low
STU_2677,5.6,57.9,5,4,5.3,No,4.2,4.3,5,5,2,27.3,Low
STU_2678,4.5,82.0,3,7,4.9,Yes,7.3,2.7,7,7,6,50.5,Moderate
STU_2679,6.5,52.8,2,7,4.0,No,6.2,2.7,9,6,9,55.7,Moderate
STU_2680,6.7,70.1,4,6,6.3,No,6.6,1.0,4,4,5,46.1,Moderate
STU_2681,7.4,68.4,4,5,6.1,Yes,4.5,3.3,2,5,4,38.8,Low
STU_2682,6.5,81.3,4,6,6.6,Yes,6.9,3.7,4,3,1,29.6,Low
STU_2683,7.6,100.0,4,8,3.5,No,6.8,1.7,1,4,8,83.8,High
STU_2684,5.3,80.3,3,5,6.7,No,8.8,1.7,4,6,7,62.0,Moderate
STU_2685,7.2,85.9,4,7,6.3,No,3.5,3.3,2,8,5,57.5,Moderate
STU_2686,7.4,94.2,4,7,4.9,No,8.0,4.6,6,1,6,48.5,Moderate
STU_2687,6.7,53.5,2,4,8.4,Yes,4.0,2.1,5,4,5,10.0,Low
STU_2688,6.5,100.0,6,4,6.1,Yes,6.6,5.5,4,4,4,47.2,Moderate
STU_2689,8.2,84.7,3,4,6.3,Yes,4.0,4.9,2,5,1,21.0,Low
STU_2690,7.4,64.8,3,1,6.4,Yes,6.8,1.3,8,5,5,10.0,Low
STU_2691,4.9,83.0,4,6,4.4,Yes,4.7,2.7,8,4,4,27.2,Low
STU_2692,4.5,65.5,2,3,5.7,Yes,6.0,4.2,3,6,7,42.2,Moderate
STU_2693,11.4,83.7,4,1,7.5,Yes,7.1,3.2,4,4,3,16.7,Low
STU_2694,5.0,77.6,6,4,7.4,Yes,9.7,4.4,8,3,4,30.9,Low
STU_2695,5.8,68.5,1,4,4.1,Yes,3.9,4.5,4,5,5,35.9,Low
STU_2696,5.2,75.7,5,3,3.8,No,6.3,2.4,5,4,6,51.6,Moderate
STU_2697,4.3,92.5,3,7,5.4,No,2.0,4.1,5,4,3,17.0,Low
STU_2698,7.4,72.8,4,4,9.7,No,5.2,6.7,6,4,5,28.4,Low
STU_2699,5.6,83.1,5,5,4.2,No,7.0,4.8,7,6,5,51.7,Moderate
STU_2700,9.5,90.8,5,4,7.6,No,1.5,2.9,7,2,5,10.0,Low
STU_2701,5.2,63.8,4,4,6.7,Yes,4.8,4.4,3,2,3,29.9,Low
STU_2702,5.5,80.4,8,6,7.6,No,5.2,3.7,6,4,6,51.4,Moderate
STU_2703,7.8,80.7,5,9,8.2,Yes,4.7,6.1,7,5,6,47.7,Moderate
STU_2704,8.1,90.4,5,5,8.6,No,6.0,2.9,8,2,4,12.1,Low
STU_2705,8.3,53.0,4,4,6.8,Yes,6.9,4.3,6,5,3,28.8,Low
STU_2706,5.8,95.3,1,5,6.2,No,8.9,5.4,4,3,5,41.9,Low
STU_2707,7.0,85.4,4,4,5.6,Yes,4.4,1.6,1,4,3,33.1,Low
STU_2708,7.8,95.6,7,8,8.1,No,5.0,1.6,3,2,3,44.8,Moderate
STU_2709,4.1,91.7,1,4,6.0,Yes,7.5,5.2,5,6,4,34.4,Low
STU_2710,8.3,71.9,6,5,8.2,Yes,3.2,0.5,6,6,6,28.2,Low
STU_2711,3.7,69.6,1,5,8.4,Yes,5.1,4.5,4,3,4,18.6,Low
STU_2712,5.6,95.5,5,5,5.9,Yes,9.2,1.9,6,3,6,40.1,Low
STU_2713,7.9,76.1,4,8,4.9,No,6.3,5.5,4,4,7,75.8,High
STU_2714,6.9,83.3,4,8,6.5,Yes,8.1,3.1,4,4,5,52.2,Moderate
STU_2715,7.6,61.7,2,5,6.9,Yes,2.4,6.4,3,3,3,15.5,Low
STU_2716,6.0,100.0,5,6,6.5,No,6.9,2.4,6,7,6,53.4,Moderate
STU_2717,1.5,65.5,7,2,7.6,No,8.5,5.8,5,4,5,49.4,Moderate
STU_2718,3.2,92.8,6,6,8.3,Yes,6.6,5.3,4,3,3,31.4,Low
STU_2719,5.3,77.4,3,3,3.5,Yes,5.2,1.8,6,7,8,38.6,Low
STU_2720,7.9,55.6,5,2,5.5,No,7.1,1.7,5,3,2,22.9,Low
STU_2721,6.1,57.6,6,8,6.2,Yes,3.8,2.5,1,5,3,57.4,Moderate
STU_2722,7.3,98.3,1,5,6.7,No,8.3,3.5,4,4,3,33.6,Low
STU_2723,7.7,77.3,7,6,7.4,Yes,6.0,3.0,7,7,6,47.3,Moderate
STU_2724,7.2,83.5,5,6,6.4,Yes,8.5,5.7,6,6,3,43.8,Moderate
STU_2725,5.6,91.6,6,1,9.5,No,5.5,5.3,4,3,5,24.7,Low
STU_2726,7.7,79.4,3,5,4.0,Yes,2.9,4.5,6,6,7,36.4,Low
STU_2727,6.8,66.3,9,7,6.5,No,6.4,1.1,5,6,5,65.2,Moderate
STU_2728,5.5,96.6,4,7,5.9,Yes,10.9,3.1,3,8,9,96.9,High
STU_2729,5.6,82.9,6,5,4.9,No,5.2,3.4,5,7,1,43.3,Moderate
STU_2730,7.3,89.3,3,8,4.1,No,7.8,5.1,7,9,8,75.8,High
STU_2731,5.9,81.6,6,5,5.7,Yes,3.3,1.4,3,4,2,20.8,Low
STU_2732,8.0,86.2,5,5,6.6,Yes,2.0,4.3,6,4,2,10.0,Low
STU_2733,6.3,89.4,2,3,5.8,No,8.1,3.9,6,3,7,39.2,Low
STU_2734,4.0,76.8,1,6,7.2,Yes,7.4,4.0,9,5,4,13.8,Low
STU_2735,6.4,82.4,1,2,6.2,Yes,6.3,3.7,4,5,5,18.7,Low
STU_2736,7.4,66.6,6,2,6.2,No,5.4,2.5,8,4,4,18.5,Low
STU_2737,5.7,90.7,6,3,7.5,Yes,5.0,3.4,4,5,7,37.8,Low
STU_2738,8.4,96.5,7,6,7.2,Yes,6.6,5.8,5,3,9,66.4,Moderate
STU_2739,6.4,94.1,8,8,6.3,No,7.6,6.0,2,5,4,84.9,High
STU_2740,2.5,76.5,1,1,7.5,No,8.3,2.5,6,3,1,10.0,Low
STU_2741,10.0,72.0,7,4,4.7,Yes,7.2,5.2,6,5,3,41.9,Low
STU_2742,2.6,80.7,5,4,6.7,Yes,1.9,3.0,5,7,6,27.7,Low
STU_2743,3.2,70.8,7,7,5.2,Yes,8.7,5.8,8,9,4,67.4,Moderate
STU_2744,6.6,72.7,5,2,6.6,No,8.5,4.6,3,5,1,35.9,Low
STU_2745,9.6,66.8,5,5,8.6,Yes,5.5,1.9,1,7,9,72.6,High
STU_2746,5.8,90.4,6,9,3.9,Yes,7.1,4.8,8,5,2,48.3,Moderate
STU_2747,3.7,72.3,6,6,6.2,Yes,4.9,3.7,5,1,4,39.5,Low
STU_2748,6.5,100.0,3,6,8.2,No,6.7,3.7,6,4,7,28.5,Low
STU_2749,7.3,71.0,4,4,5.0,Yes,6.0,3.4,9,1,2,10.0,Low
STU_2750,4.1,83.2,4,4,6.4,No,1.5,3.8,6,5,5,22.8,Low
STU_2751,7.1,82.8,4,8,6.2,Yes,3.1,4.8,4,3,6,38.5,Low
STU_2752,4.3,88.8,3,2,6.4,No,9.4,1.3,7,3,6,22.9,Low
STU_2753,6.4,72.8,3,7,5.0,No,7.3,2.0,4,6,5,52.7,Moderate
STU_2754,6.4,75.7,3,5,4.7,Yes,6.9,4.8,5,7,6,56.2,Moderate
STU_2755,6.9,90.1,7,2,3.9,Yes,5.6,5.3,7,7,5,44.6,Moderate
STU_2756,5.4,99.4,4,8,6.5,Yes,6.0,6.6,1,7,3,62.4,Moderate
STU_2757,7.2,73.7,4,3,6.0,No,4.2,1.9,6,5,6,31.6,Low
STU_2758,8.1,81.2,3,4,5.2,Yes,5.1,2.3,7,1,6,10.8,Low
STU_2759,3.8,97.8,3,5,5.8,Yes,5.8,3.7,3,3,3,26.0,Low
STU_2760,9.9,86.1,4,4,7.2,Yes,3.6,3.6,3,3,7,32.2,Low
STU_2761,6.1,91.2,6,7,5.8,Yes,3.7,1.9,6,2,3,20.5,Low
STU_2762,5.2,61.2,4,5,6.9,Yes,7.6,5.1,6,4,6,46.2,Moderate
STU_2763,7.4,75.1,5,5,4.6,Yes,1.5,4.0,9,5,4,15.1,Low
STU_2764,8.8,81.8,5,4,7.6,No,4.4,3.6,6,6,6,36.0,Low
STU_2765,5.7,90.0,3,6,6.4,Yes,8.5,4.0,6,2,5,31.4,Low
STU_2766,5.8,55.7,6,4,5.4,Yes,10.7,2.8,1,6,4,79.5,High
STU_2767,8.0,66.1,2,4,6.4,No,3.9,1.9,6,8,8,35.7,Low
STU_2768,6.9,93.9,6,4,6.1,Yes,6.1,3.0,8,1,4,18.3,Low
STU_2769,6.2,75.0,6,8,5.8,No,3.8,2.3,5,8,8,65.0,Moderate
STU_2770,7.0,60.9,3,5,6.1,Yes,9.3,3.9,9,3,6,31.2,Low
STU_2771,9.5,89.5,2,2,6.3,Yes,2.0,5.3,9,4,5,10.0,Low
STU_2772,8.8,87.4,2,2,5.6,Yes,6.0,2.2,7,1,4,10.0,Low
STU_2773,6.7,85.0,3,6,6.9,Yes,9.8,5.3,5,3,4,44.9,Moderate
STU_2774,4.7,74.0,7,6,7.0,No,5.1,2.7,8,4,3,26.1,Low
STU_2775,4.7,59.5,8,7,5.6,Yes,6.0,5.0,5,9,5,70.6,High
STU_2776,4.8,82.2,6,7,7.0,Yes,2.8,2.7,7,5,9,41.4,Low
STU_2777,6.6,84.5,3,3,7.8,No,7.7,2.6,8,5,4,18.2,Low
STU_2778,5.0,73.3,3,4,7.2,No,4.1,4.5,4,5,4,31.2,Low
STU_2779,8.1,90.4,8,8,5.9,Yes,6.8,3.8,6,5,1,46.9,Moderate
STU_2780,7.5,78.2,5,5,6.8,No,5.3,3.0,5,8,3,35.5,Low
STU_2781,4.6,87.3,6,3,4.3,Yes,3.4,6.1,3,3,5,45.4,Moderate
STU_2782,5.0,90.0,2,5,6.2,No,8.4,5.2,6,6,3,34.7,Low
STU_2783,6.9,71.8,4,4,6.2,Yes,7.5,7.0,8,5,6,43.1,Moderate
STU_2784,4.1,93.9,2,5,6.9,No,5.9,5.0,2,7,3,43.8,Moderate
STU_2785,6.8,88.9,5,1,5.9,No,6.7,2.1,1,4,2,33.7,Low
STU_2786,6.7,100.0,2,3,7.3,No,5.6,3.9,2,1,9,37.0,Low
STU_2787,5.6,94.5,9,7,7.2,No,9.4,5.9,5,7,3,78.0,High
STU_2788,11.3,71.4,7,1,7.9,Yes,7.5,2.9,4,6,2,31.0,Low
STU_2789,5.8,94.5,6,5,7.0,No,3.4,3.1,1,2,8,54.9,Moderate
STU_2790,4.6,88.4,3,5,6.0,No,5.0,4.4,6,6,6,47.1,Moderate
STU_2791,6.6,59.9,4,5,5.9,No,1.5,3.1,3,5,3,24.5,Low
STU_2792,5.7,79.0,5,9,5.1,Yes,6.4,4.9,5,3,3,48.8,Moderate
STU_2793,6.3,91.1,5,5,8.3,No,10.9,4.9,6,2,8,56.8,Moderate
STU_2794,3.9,87.5,7,5,7.7,No,7.3,4.2,4,5,6,67.6,Moderate
STU_2795,7.2,83.4,5,4,5.8,No,5.6,4.1,3,5,3,45.7,Moderate
STU_2796,6.3,91.4,7,4,6.8,Yes,3.8,0.6,1,3,4,34.8,Low
STU_2797,7.4,65.0,3,2,6.5,Yes,6.9,2.7,5,6,5,26.8,Low
STU_2798,6.5,79.3,4,7,6.2,No,1.5,6.5,4,6,3,32.5,Low
STU_2799,6.4,80.9,7,4,6.7,No,8.3,3.2,3,4,2,49.9,Moderate
STU_2800,7.5,84.9,2,2,5.4,No,2.4,2.6,6,9,6,23.1,Low
STU_2801,7.3,69.2,3,4,7.0,Yes,4.3,3.3,2,4,5,31.1,Low
STU_2802,4.7,88.3,7,5,8.3,Yes,8.4,3.6,6,6,6,51.0,Moderate
STU_2803,6.3,70.2,1,3,7.3,Yes,4.7,1.2,4,4,2,10.0,Low
STU_2804,5.3,76.5,4,8,6.1,Yes,8.9,2.1,3,1,2,39.4,Low
STU_2805,5.1,93.2,2,6,5.9,Yes,6.6,3.3,9,6,4,13.4,Low
STU_2806,3.5,67.5,4,7,7.6,No,3.5,4.2,6,2,5,23.6,Low
STU_2807,8.9,78.5,5,2,4.6,No,3.8,3.4,4,5,4,32.0,Low
STU_2808,7.0,82.7,3,6,6.4,Yes,5.2,4.6,6,4,6,28.5,Low
STU_2809,5.4,65.4,4,5,5.9,Yes,5.9,4.1,6,3,4,32.1,Low
STU_2810,9.6,86.5,6,9,6.7,No,5.0,2.3,4,3,2,38.5,Low
STU_2811,6.7,82.1,7,7,8.6,Yes,6.1,2.8,6,6,4,39.7,Low
STU_2812,2.2,90.7,3,5,7.3,Yes,8.2,2.8,4,5,4,41.1,Low
STU_2813,5.7,84.3,2,6,8.0,Yes,4.3,4.4,6,9,4,23.0,Low
STU_2814,6.0,69.5,2,5,4.8,Yes,3.0,3.1,4,8,4,29.4,Low
STU_2815,6.7,87.6,4,5,5.2,Yes,8.2,4.9,8,3,4,31.3,Low
STU_2816,4.8,79.2,3,3,7.9,No,7.0,4.8,7,6,4,25.6,Low
STU_2817,2.7,77.3,5,9,6.1,Yes,6.2,5.3,6,7,7,71.4,High
STU_2818,6.3,89.1,2,5,3.5,No,5.4,5.1,1,4,5,54.8,Moderate
STU_2819,6.5,84.1,6,7,5.9,Yes,8.5,4.8,5,6,3,57.5,Moderate
STU_2820,5.0,87.3,7,5,6.9,Yes,8.0,4.0,4,7,4,58.7,Moderate
STU_2821,5.4,100.0,3,5,5.4,Yes,6.2,1.2,5,2,4,25.6,Low
STU_2822,6.4,68.2,6,6,5.4,Yes,4.7,6.1,7,5,5,45.8,Moderate
STU_2823,3.3,55.6,5,8,4.8,No,5.4,2.5,1,6,6,84.4,High
STU_2824,7.1,86.3,3,4,6.8,No,10.5,4.4,3,3,5,58.0,Moderate
STU_2825,6.2,86.1,1,6,5.9,Yes,11.3,3.5,3,4,3,47.4,Moderate
STU_2826,9.1,70.1,5,3,6.3,No,5.5,3.0,8,4,6,24.0,Low
STU_2827,6.3,79.7,3,3,7.3,Yes,7.0,1.7,5,5,4,21.4,Low
STU_2828,3.0,86.7,3,2,7.7,No,2.0,5.1,3,4,4,14.7,Low
STU_2829,8.5,84.5,1,4,5.3,No,6.8,6.4,3,1,5,40.8,Low
STU_2830,7.3,82.3,5,4,5.2,No,2.1,4.8,2,6,4,44.6,Moderate
STU_2831,8.0,95.4,3,7,5.8,Yes,3.8,1.2,4,3,7,36.2,Low
STU_2832,8.3,89.8,7,6,6.1,Yes,4.8,0.6,4,4,5,41.8,Low
STU_2833,7.0,73.8,2,5,7.0,Yes,8.9,3.9,3,4,6,47.6,Moderate
STU_2834,7.2,84.1,8,3,7.6,No,6.3,4.4,5,2,4,37.4,Low
STU_2835,8.5,79.6,2,9,6.5,No,7.7,5.4,5,7,8,72.4,High
STU_2836,7.1,81.5,5,5,9.1,No,5.1,4.4,9,1,7,22.4,Low
STU_2837,6.8,89.1,6,3,6.8,No,7.5,5.1,5,2,7,55.9,Moderate
STU_2838,9.1,76.1,3,5,7.5,No,8.3,4.6,5,7,4,51.4,Moderate
STU_2839,5.0,83.4,5,4,4.4,No,5.1,2.8,4,5,6,50.5,Moderate
STU_2840,7.3,100.0,8,2,7.6,Yes,6.9,4.9,4,5,3,34.5,Low
STU_2841,5.2,85.3,4,3,5.4,Yes,3.8,1.1,5,4,4,14.0,Low
STU_2842,6.6,60.7,5,5,10.0,Yes,6.6,2.7,4,9,6,53.6,Moderate
STU_2843,6.7,92.9,1,6,6.9,No,7.8,6.1,6,6,6,52.7,Moderate
STU_2844,6.0,83.0,7,3,4.5,No,6.9,4.7,9,6,6,49.3,Moderate
STU_2845,4.9,88.4,4,2,6.6,Yes,6.5,2.4,4,4,1,10.0,Low
STU_2846,4.2,96.3,8,9,7.5,Yes,6.0,3.4,4,6,6,65.6,Moderate
STU_2847,8.6,89.9,8,8,6.1,Yes,7.2,4.2,5,7,3,67.1,Moderate
STU_2848,11.2,96.0,8,3,5.5,Yes,9.6,0.6,4,4,6,65.5,Moderate
STU_2849,7.6,75.9,4,3,6.6,Yes,6.6,2.6,6,2,3,17.1,Low
STU_2850,6.0,81.8,5,6,6.6,No,6.8,3.1,3,6,5,64.6,Moderate
STU_2851,6.6,100.0,5,5,8.1,No,5.8,2.9,1,4,2,33.4,Low
STU_2852,5.3,76.0,7,1,7.5,Yes,5.4,1.7,6,6,3,19.5,Low
STU_2853,4.1,74.0,3,4,7.0,No,4.4,1.3,6,6,6,25.9,Low
STU_2854,7.9,79.4,4,7,6.4,Yes,1.5,2.0,3,8,4,25.9,Low
STU_2855,3.5,78.1,3,3,7.7,No,5.7,3.0,4,4,7,35.9,Low
STU_2856,6.3,58.9,5,5,5.9,No,5.7,5.3,4,3,6,53.6,Moderate
STU_2857,6.8,83.6,5,1,5.8,Yes,7.6,6.0,5,5,7,49.0,Moderate
STU_2858,7.6,80.5,6,5,4.2,Yes,4.3,6.4,5,2,4,36.7,Low
STU_2859,6.8,68.9,5,9,6.4,Yes,10.0,1.6,9,5,5,53.8,Moderate
STU_2860,7.9,88.3,2,4,7.8,Yes,5.6,3.3,3,5,5,28.8,Low
STU_2861,3.5,84.5,7,3,4.4,Yes,4.8,3.4,6,5,3,30.5,Low
STU_2862,10.2,96.7,4,6,6.5,No,4.5,3.7,4,5,5,41.9,Low
STU_2863,5.8,79.9,5,6,5.4,Yes,5.5,4.2,8,3,7,40.6,Low
STU_2864,10.6,90.0,3,5,7.2,No,7.2,4.2,4,5,4,44.5,Moderate
STU_2865,7.6,91.3,5,7,6.0,Yes,6.6,2.8,5,5,6,49.9,Moderate
STU_2866,7.6,64.0,2,3,4.7,No,10.4,6.2,6,5,6,57.9,Moderate
STU_2867,7.7,81.6,6,2,6.6,No,8.7,3.4,7,4,7,48.3,Moderate
STU_2868,4.7,72.8,2,2,4.3,No,3.6,4.2,6,5,5,20.5,Low
STU_2869,6.6,94.4,4,2,3.8,Yes,8.8,0.8,6,2,9,44.8,Moderate
STU_2870,7.7,77.0,7,6,6.8,Yes,7.6,4.7,6,3,3,46.9,Moderate
STU_2871,9.5,98.6,6,7,5.3,No,5.3,5.9,6,5,3,45.7,Moderate
STU_2872,9.1,87.9,4,3,3.5,No,5.2,2.6,5,4,7,46.0,Moderate
STU_2873,7.5,82.7,5,5,4.5,No,7.4,6.5,5,3,8,68.6,High
STU_2874,6.6,100.0,3,4,6.9,Yes,6.0,2.6,7,7,6,20.5,Low
STU_2875,6.5,89.4,4,7,5.7,No,8.3,4.0,5,5,8,75.9,High
STU_2876,5.9,85.6,7,6,7.2,No,5.6,8.5,1,3,1,51.1,Moderate
STU_2877,5.6,52.8,4,8,7.6,Yes,5.6,3.4,4,4,2,32.3,Low
STU_2878,9.6,76.5,3,5,7.3,No,6.4,5.9,6,5,4,35.7,Low
STU_2879,8.5,100.0,6,3,5.2,No,6.3,6.0,3,2,5,45.8,Moderate
STU_2880,6.7,82.6,3,4,5.2,Yes,6.2,1.6,5,2,6,33.3,Low
STU_2881,6.2,85.0,6,7,8.7,No,6.9,5.4,6,4,1,28.4,Low
STU_2882,6.5,84.1,4,5,7.7,No,5.2,6.3,4,4,4,34.8,Low
STU_2883,7.8,74.6,4,6,5.3,Yes,8.7,3.2,2,5,6,69.2,High
STU_2884,5.8,76.6,2,9,4.8,Yes,2.3,5.3,3,4,3,39.8,Low
STU_2885,7.7,88.8,6,2,7.6,Yes,7.3,2.6,4,6,5,41.6,Low
STU_2886,6.0,81.9,7,3,8.7,No,5.8,3.0,6,4,3,19.5,Low
STU_2887,6.9,87.9,8,2,5.1,Yes,6.1,4.6,5,7,4,44.0,Moderate
STU_2888,7.5,96.3,1,2,5.6,Yes,3.9,2.8,2,4,6,17.4,Low
STU_2889,9.4,80.8,6,6,6.6,Yes,8.1,6.2,6,1,7,57.7,Moderate
STU_2890,6.4,73.1,7,6,6.9,No,7.3,3.5,4,7,5,68.3,High
STU_2891,5.3,82.6,7,7,5.0,No,5.1,1.4,6,7,5,54.9,Moderate
STU_2892,5.4,72.4,6,6,7.1,No,4.8,5.3,4,3,3,41.6,Low
STU_2893,6.4,74.8,3,4,8.5,Yes,7.7,5.1,2,5,8,57.5,Moderate
STU_2894,6.6,82.2,3,2,6.1,No,5.5,2.3,5,3,4,14.5,Low
STU_2895,5.5,92.4,6,7,6.4,No,5.9,3.9,5,7,1,39.5,Low
STU_2896,4.0,73.5,7,4,6.8,No,3.8,6.9,9,4,4,21.5,Low
STU_2897,8.4,76.0,7,6,4.5,No,3.9,2.6,6,5,8,63.2,Moderate
STU_2898,5.9,84.1,5,5,7.7,Yes,4.7,3.2,6,5,4,17.1,Low
STU_2899,6.0,64.6,1,1,7.3,No,6.5,2.4,8,4,4,10.0,Low
STU_2900,9.2,81.6,3,3,3.5,No,5.3,4.0,5,4,6,36.2,Low
STU_2901,6.5,93.5,2,5,5.9,Yes,6.4,4.0,3,4,9,53.6,Moderate
STU_2902,8.7,92.1,5,6,4.7,Yes,1.7,3.6,9,2,6,12.3,Low
STU_2903,4.8,75.3,2,6,6.5,No,9.6,2.8,7,3,7,56.5,Moderate
STU_2904,6.4,75.7,1,2,8.0,Yes,4.4,1.7,2,3,9,20.5,Low
STU_2905,4.4,76.1,4,8,7.3,Yes,10.0,3.7,3,1,5,57.9,Moderate
STU_2906,7.5,80.4,3,1,5.7,No,4.3,6.1,9,3,4,10.0,Low
STU_2907,8.0,88.2,3,7,5.6,Yes,6.7,1.7,4,4,1,33.2,Low
STU_2908,5.7,82.5,3,6,6.5,Yes,8.8,5.0,7,5,3,33.4,Low
STU_2909,6.6,85.1,2,5,7.8,No,6.1,6.0,8,8,2,15.2,Low
STU_2910,4.3,54.6,3,7,8.2,Yes,2.5,5.2,4,5,5,30.6,Low
STU_2911,5.7,75.2,5,3,7.7,No,6.0,6.1,5,2,3,22.1,Low
STU_2912,8.7,72.0,8,7,4.3,Yes,5.6,3.8,5,8,5,74.5,High
STU_2913,4.2,94.1,9,5,7.4,No,6.1,1.9,4,4,3,42.0,Moderate
STU_2914,3.9,67.9,4,4,6.3,No,6.4,4.5,9,4,1,13.1,Low
STU_2915,7.5,88.9,2,5,6.7,No,6.4,4.1,5,6,6,43.6,Moderate
STU_2916,7.6,86.8,1,5,6.4,Yes,3.6,0.5,7,4,1,10.0,Low
STU_2917,6.4,94.9,5,4,5.8,No,8.5,2.1,7,6,2,36.7,Low
STU_2918,7.0,86.5,5,1,5.8,No,7.5,4.3,9,8,4,29.2,Low
STU_2919,5.1,67.6,3,2,6.1,No,6.8,5.7,3,5,6,49.4,Moderate
STU_2920,9.3,75.6,4,4,6.2,No,3.5,2.9,5,2,5,19.4,Low
STU_2921,6.7,73.0,2,4,5.1,Yes,7.4,6.0,6,6,1,17.2,Low
STU_2922,5.9,100.0,2,8,5.0,Yes,7.6,3.9,1,1,2,43.7,Moderate
STU_2923,5.9,99.4,4,5,7.1,No,7.0,3.0,3,5,7,54.4,Moderate
STU_2924,4.7,93.8,5,3,7.4,Yes,4.3,4.1,5,5,4,20.9,Low
STU_2925,6.9,77.0,5,3,7.7,No,7.0,4.8,3,1,1,26.0,Low
STU_2926,3.3,66.7,4,5,3.8,No,9.3,7.3,7,4,4,59.9,Moderate
STU_2927,3.5,81.6,6,8,7.7,No,6.4,2.0,5,2,3,37.4,Low
STU_2928,8.9,78.1,3,4,8.3,Yes,7.0,5.3,3,4,8,47.8,Moderate
STU_2929,9.0,93.1,4,7,6.5,Yes,4.2,5.1,5,6,1,13.2,Low
STU_2930,5.5,73.5,7,2,3.8,Yes,7.2,4.0,1,4,5,67.1,Moderate
STU_2931,8.7,94.7,3,5,6.7,No,10.4,2.5,5,1,8,54.2,Moderate
STU_2932,6.0,61.4,7,5,6.4,Yes,7.2,6.3,9,4,5,45.8,Moderate
STU_2933,6.2,74.8,2,5,5.5,Yes,6.9,3.7,1,2,7,60.0,Moderate
STU_2934,4.0,74.1,4,2,4.5,No,6.5,2.1,4,6,6,47.7,Moderate
STU_2935,4.3,84.7,6,5,7.0,Yes,8.7,4.1,6,4,8,61.0,Moderate
STU_2936,5.8,86.9,5,2,6.1,Yes,5.5,1.4,7,3,9,25.3,Low
STU_2937,6.5,94.5,6,1,8.2,No,6.2,3.2,3,7,5,40.6,Low
STU_2938,3.5,77.8,3,9,8.7,No,8.3,5.3,6,7,4,58.3,Moderate
STU_2939,6.2,74.7,6,5,4.4,Yes,6.0,4.1,1,5,6,67.7,Moderate
STU_2940,4.8,93.7,6,5,7.6,No,5.0,3.6,3,4,6,47.3,Moderate
STU_2941,6.5,83.0,6,4,6.5,Yes,7.6,2.1,5,6,7,55.1,Moderate
STU_2942,6.3,97.7,4,5,3.5,No,9.4,5.6,2,4,4,72.5,High
STU_2943,8.3,97.8,3,7,7.2,Yes,8.5,3.3,7,3,4,24.2,Low
STU_2944,8.3,57.9,4,4,6.2,Yes,7.8,2.2,6,7,4,37.4,Low
STU_2945,2.9,87.1,5,6,5.6,Yes,7.2,3.7,6,1,5,40.3,Low
STU_2946,6.3,83.1,3,6,9.0,No,9.9,4.7,4,9,2,51.2,Moderate
STU_2947,5.2,72.6,6,5,5.9,Yes,5.0,7.5,6,9,7,65.9,Moderate
STU_2948,7.6,83.5,2,9,6.1,Yes,5.0,4.9,8,6,3,23.3,Low
STU_2949,3.4,63.8,6,5,7.4,Yes,5.0,3.9,5,4,7,51.0,Moderate
STU_2950,7.2,85.0,1,5,4.1,No,6.0,3.9,5,5,6,45.3,Moderate
STU_2951,5.9,75.2,6,3,8.1,Yes,4.4,4.7,6,5,5,20.8,Low
STU_2952,7.8,71.9,4,1,6.9,Yes,6.7,4.3,3,8,6,45.7,Moderate
STU_2953,9.0,69.5,3,4,6.3,No,2.1,4.3,5,7,3,18.7,Low
STU_2954,4.0,76.8,5,5,6.1,No,6.7,3.6,3,5,5,61.4,Moderate
STU_2955,8.9,74.5,5,3,7.7,Yes,7.3,2.2,8,7,6,31.2,Low
STU_2956,4.3,92.1,7,4,6.0,Yes,8.5,7.4,6,4,5,53.4,Moderate
STU_2957,2.9,80.7,4,4,7.9,Yes,2.7,5.9,8,3,6,10.0,Low
STU_2958,7.0,80.1,5,5,3.5,No,6.2,1.6,5,7,5,60.2,Moderate
STU_2959,9.4,77.5,2,7,6.9,No,7.6,6.3,9,2,4,24.4,Low
STU_2960,7.0,100.0,2,9,5.9,Yes,4.9,4.6,3,3,7,55.8,Moderate
STU_2961,6.6,62.4,6,5,7.7,No,6.6,5.5,6,2,2,29.3,Low
STU_2962,6.2,81.0,5,8,6.1,No,4.2,1.0,4,3,6,48.1,Moderate
STU_2963,2.8,72.7,3,5,6.8,No,6.5,3.7,8,5,6,33.8,Low
STU_2964,6.9,100.0,3,6,6.5,No,3.7,5.3,3,4,7,44.7,Moderate
STU_2965,5.5,69.7,5,7,6.2,No,8.2,4.7,5,2,7,67.6,Moderate
STU_2966,3.0,84.6,3,7,7.7,Yes,7.1,5.6,6,7,2,37.0,Low
STU_2967,7.2,64.5,3,4,5.8,Yes,8.8,4.0,5,2,7,44.7,Moderate
STU_2968,10.8,69.1,7,3,7.1,Yes,7.5,3.4,5,2,3,34.6,Low
STU_2969,5.5,83.7,6,3,6.4,No,7.8,3.6,8,6,3,31.6,Low
STU_2970,5.2,86.3,7,6,6.3,No,5.9,0.5,3,6,3,50.8,Moderate
STU_2971,7.9,100.0,7,1,5.7,No,10.3,3.7,9,1,5,29.3,Low
STU_2972,6.9,80.9,3,6,5.4,Yes,5.8,5.9,3,3,3,42.0,Moderate
STU_2973,5.1,75.1,6,1,5.6,Yes,8.3,3.3,4,7,3,45.4,Moderate
STU_2974,5.1,77.5,6,7,5.4,Yes,2.0,2.0,2,4,4,43.0,Moderate
STU_2975,4.4,54.2,3,8,6.2,Yes,7.6,3.6,4,7,7,69.2,High
STU_2976,4.7,70.6,1,4,5.2,Yes,4.4,3.0,4,4,3,17.3,Low
STU_2977,6.9,83.3,3,5,9.3,No,6.1,4.5,5,6,6,33.8,Low
STU_2978,6.7,89.5,2,7,8.1,Yes,7.4,5.4,2,3,3,37.7,Low
STU_2979,5.7,74.5,7,4,5.5,Yes,4.7,3.1,8,1,9,38.7,Low
STU_2980,2.9,88.6,7,8,7.3,No,7.3,3.2,3,4,3,62.7,Moderate
STU_2981,5.6,82.3,5,1,6.3,Yes,9.5,3.6,7,8,5,40.5,Low
STU_2982,9.6,79.5,5,5,9.0,No,5.9,2.4,5,2,7,34.9,Low
STU_2983,4.6,74.6,6,8,3.6,Yes,6.1,3.2,7,5,6,66.0,Moderate
STU_2984,6.4,64.5,3,7,8.5,No,9.0,0.9,4,5,2,42.2,Moderate
STU_2985,10.5,56.0,1,7,3.9,Yes,6.0,2.7,1,6,4,55.2,Moderate
STU_2986,3.1,100.0,2,3,9.6,Yes,8.1,5.6,2,3,4,22.1,Low
STU_2987,7.7,89.3,4,5,5.4,Yes,4.4,3.4,4,6,4,30.5,Low
STU_2988,8.7,87.8,5,7,5.6,No,4.2,3.9,1,5,1,51.1,Moderate
STU_2989,8.2,71.3,4,2,7.5,Yes,7.5,3.0,7,5,3,18.2,Low
STU_2990,6.5,67.1,3,7,6.6,Yes,4.5,2.5,5,2,7,40.0,Low
STU_2991,7.6,71.5,6,6,6.4,Yes,7.0,5.9,5,4,6,52.7,Moderate
STU_2992,8.3,90.8,6,6,5.3,Yes,7.2,3.2,3,2,4,52.3,Moderate
STU_2993,6.2,76.6,4,2,8.7,No,7.0,4.9,6,3,1,10.0,Low
STU_2994,6.6,96.1,7,3,4.3,Yes,4.5,4.9,7,4,6,36.5,Low
STU_2995,5.5,74.7,2,3,5.9,Yes,4.2,4.0,6,7,9,36.0,Low
STU_2996,2.5,64.6,5,2,8.4,No,6.7,3.7,4,6,6,46.7,Moderate
STU_2997,7.7,59.8,5,1,5.4,No,5.6,2.7,6,4,5,35.5,Low
STU_2998,6.7,64.8,1,9,6.6,No,6.7,3.7,3,6,5,56.7,Moderate
STU_2999,7.3,87.6,7,4,8.2,Yes,1.5,2.9,5,7,4,11.6,Low
STU_3000,4.4,82.3,7,8,6.8,No,5.1,5.1,2,5,2,56.5,Moderate
